item_number,email,platform
4,usr002@gt.edu,macOS
6,usr002@gt.edu,macOS
8,usr002@gt.edu,Windows
10,usr003@gt.edu,Windows
12,usr003@gt.edu,macOS
13,usr003@gt.edu,macOS
16,usr004@gt.edu,Linux
18,usr005@gt.edu,macOS
24,usr005@gt.edu,Windows
25,usr005@gt.edu,Windows
26,usr005@gt.edu,macOS
27,usr006@gt.edu,Windows
30,usr006@gt.edu,Windows
35,usr006@gt.edu,Windows
37,usr007@gt.edu,macOS
39,usr007@gt.edu,macOS
40,usr007@gt.edu,macOS
43,usr007@gt.edu,Windows
44,usr007@gt.edu,Windows
48,usr008@gt.edu,Windows
54,usr008@gt.edu,macOS
58,usr009@gt.edu,Windows
60,usr009@gt.edu,macOS
62,usr009@gt.edu,macOS
64,usr009@gt.edu,macOS
70,usr010@gt.edu,Linux
71,usr010@gt.edu,Windows
72,usr010@gt.edu,Windows
73,usr010@gt.edu,macOS
82,usr011@gt.edu,macOS
84,usr011@gt.edu,Windows
85,usr011@gt.edu,macOS
87,usr012@gt.edu,Linux
89,usr012@gt.edu,macOS
91,usr013@gt.edu,macOS
94,usr014@gt.edu,Windows
95,usr014@gt.edu,Linux
96,usr014@gt.edu,Windows
97,usr014@gt.edu,Windows
99,usr014@gt.edu,macOS
101,usr014@gt.edu,Windows
103,usr014@gt.edu,Windows
104,usr014@gt.edu,Windows
111,usr015@gt.edu,macOS
113,usr015@gt.edu,Windows
121,usr017@gt.edu,Windows
123,usr017@gt.edu,Linux
125,usr018@gt.edu,macOS
129,usr018@gt.edu,macOS
130,usr018@gt.edu,Windows
135,usr018@gt.edu,Windows
139,usr020@gt.edu,Windows
145,usr021@gt.edu,Windows
147,usr021@gt.edu,macOS
149,usr022@gt.edu,Windows
150,usr022@gt.edu,macOS
156,usr023@gt.edu,Windows
157,usr024@gt.edu,Windows
158,usr024@gt.edu,Windows
159,usr024@gt.edu,macOS
163,usr024@gt.edu,Windows
164,usr024@gt.edu,Windows
165,usr024@gt.edu,Windows
166,usr024@gt.edu,Linux
167,usr024@gt.edu,macOS
172,usr025@gt.edu,macOS
173,usr026@gt.edu,Windows
180,usr027@gt.edu,Windows
185,usr028@gt.edu,Windows
186,usr028@gt.edu,Windows
187,usr028@gt.edu,Windows
188,usr028@gt.edu,Windows
189,usr028@gt.edu,Windows
191,usr028@gt.edu,Windows
192,usr029@gt.edu,Windows
200,usr030@gt.edu,Windows
203,usr030@gt.edu,Windows
206,usr030@gt.edu,Linux
215,usr031@gt.edu,macOS
220,usr032@gt.edu,macOS
222,usr033@gt.edu,Windows
224,usr033@gt.edu,macOS
228,usr034@gt.edu,Windows
230,usr034@gt.edu,Windows
236,usr035@gt.edu,Windows
241,usr035@gt.edu,Windows
243,usr036@gt.edu,macOS
244,usr036@gt.edu,Windows
245,usr036@gt.edu,Windows
246,usr036@gt.edu,Windows
249,usr036@gt.edu,Windows
250,usr037@gt.edu,Windows
252,usr037@gt.edu,macOS
254,usr038@gt.edu,macOS
257,usr038@gt.edu,macOS
259,usr038@gt.edu,Windows
263,usr038@gt.edu,Windows
264,usr038@gt.edu,Linux
269,usr039@gt.edu,Linux
274,usr039@gt.edu,Windows
275,usr040@gt.edu,macOS
279,usr040@gt.edu,macOS
281,usr040@gt.edu,macOS
282,usr041@gt.edu,Windows
283,usr041@gt.edu,Windows
285,usr041@gt.edu,Windows
286,usr042@gt.edu,macOS
287,usr042@gt.edu,Windows
291,usr042@gt.edu,Windows
292,usr042@gt.edu,Windows
293,usr043@gt.edu,Linux
295,usr043@gt.edu,Linux
301,usr043@gt.edu,Windows
302,usr044@gt.edu,macOS
304,usr044@gt.edu,Windows
307,usr044@gt.edu,Windows
314,usr045@gt.edu,macOS
316,usr045@gt.edu,Windows
317,usr045@gt.edu,Windows
318,usr046@gt.edu,macOS
319,usr046@gt.edu,macOS
323,usr046@gt.edu,Windows
333,usr048@gt.edu,macOS
334,usr048@gt.edu,Windows
335,usr048@gt.edu,Windows
337,usr048@gt.edu,Windows
339,usr048@gt.edu,macOS
341,usr049@gt.edu,macOS
343,usr049@gt.edu,Windows
349,usr049@gt.edu,macOS
351,usr049@gt.edu,Windows
352,usr050@gt.edu,macOS
353,usr050@gt.edu,Windows
354,usr050@gt.edu,Windows
365,usr051@gt.edu,Windows
367,usr052@gt.edu,macOS
375,usr052@gt.edu,macOS
378,usr052@gt.edu,Windows
379,usr053@gt.edu,Windows
381,usr053@gt.edu,macOS
383,usr053@gt.edu,Windows
385,usr054@gt.edu,macOS
386,usr054@gt.edu,Linux
387,usr054@gt.edu,Windows
389,usr054@gt.edu,macOS
391,usr054@gt.edu,Windows
398,usr055@gt.edu,Windows
405,usr055@gt.edu,Linux
406,usr056@gt.edu,macOS
409,usr056@gt.edu,Windows
410,usr056@gt.edu,macOS
411,usr056@gt.edu,Windows
412,usr056@gt.edu,macOS
413,usr057@gt.edu,Windows
414,usr057@gt.edu,Linux
415,usr057@gt.edu,Windows
425,usr058@gt.edu,Linux
434,usr059@gt.edu,Windows
437,usr059@gt.edu,Windows
441,usr060@gt.edu,Windows
443,usr060@gt.edu,Windows
445,usr060@gt.edu,Windows
446,usr060@gt.edu,Windows
448,usr060@gt.edu,Windows
450,usr061@gt.edu,Windows
453,usr061@gt.edu,Windows
454,usr062@gt.edu,Windows
455,usr062@gt.edu,Windows
457,usr063@gt.edu,Windows
469,usr064@gt.edu,Windows
470,usr064@gt.edu,macOS
472,usr064@gt.edu,Windows
475,usr065@gt.edu,macOS
480,usr066@gt.edu,Linux
481,usr066@gt.edu,Linux
485,usr066@gt.edu,Windows
488,usr066@gt.edu,Windows
496,usr067@gt.edu,Windows
497,usr067@gt.edu,macOS
499,usr068@gt.edu,macOS
500,usr068@gt.edu,Linux
504,usr068@gt.edu,Windows
505,usr068@gt.edu,macOS
506,usr068@gt.edu,Windows
509,usr069@gt.edu,macOS
511,usr069@gt.edu,Windows
515,usr069@gt.edu,Windows
517,usr070@gt.edu,Linux
519,usr071@gt.edu,Windows
521,usr071@gt.edu,Windows
525,usr072@gt.edu,Windows
526,usr072@gt.edu,Windows
527,usr072@gt.edu,Windows
529,usr073@gt.edu,Linux
533,usr074@gt.edu,macOS
537,usr075@gt.edu,Windows
539,usr075@gt.edu,macOS
547,usr076@gt.edu,Windows
553,usr077@gt.edu,Windows
554,usr078@gt.edu,Windows
556,usr078@gt.edu,Linux
557,usr078@gt.edu,Windows
559,usr078@gt.edu,Windows
561,usr078@gt.edu,Windows
567,usr079@gt.edu,macOS
569,usr079@gt.edu,Windows
573,usr079@gt.edu,Windows
575,usr080@gt.edu,Windows
576,usr080@gt.edu,Windows
578,usr080@gt.edu,Windows
580,usr080@gt.edu,macOS
581,usr080@gt.edu,Windows
587,usr081@gt.edu,Windows
590,usr081@gt.edu,Windows
591,usr081@gt.edu,Windows
599,usr082@gt.edu,Windows
600,usr082@gt.edu,Windows
601,usr082@gt.edu,Windows
609,usr083@gt.edu,macOS
612,usr084@gt.edu,Windows
613,usr084@gt.edu,macOS
619,usr084@gt.edu,Linux
621,usr084@gt.edu,Windows
623,usr085@gt.edu,macOS
627,usr085@gt.edu,macOS
629,usr085@gt.edu,Windows
633,usr086@gt.edu,Windows
636,usr086@gt.edu,Windows
637,usr086@gt.edu,macOS
645,usr087@gt.edu,Windows
653,usr088@gt.edu,Windows
655,usr088@gt.edu,Windows
657,usr088@gt.edu,Windows
662,usr089@gt.edu,Windows
664,usr089@gt.edu,Windows
665,usr089@gt.edu,Windows
669,usr089@gt.edu,Windows
670,usr090@gt.edu,macOS
671,usr090@gt.edu,Windows
674,usr090@gt.edu,Windows
677,usr090@gt.edu,Linux
681,usr091@gt.edu,macOS
684,usr091@gt.edu,macOS
686,usr092@gt.edu,Windows
687,usr092@gt.edu,macOS
688,usr092@gt.edu,Windows
693,usr092@gt.edu,macOS
694,usr092@gt.edu,Windows
695,usr092@gt.edu,Linux
698,usr093@gt.edu,Windows
699,usr093@gt.edu,Windows
701,usr093@gt.edu,Windows
703,usr093@gt.edu,macOS
713,usr094@gt.edu,macOS
715,usr094@gt.edu,Windows
719,usr094@gt.edu,Windows
720,usr095@gt.edu,Windows
721,usr095@gt.edu,Linux
724,usr095@gt.edu,Windows
727,usr096@gt.edu,Windows
728,usr096@gt.edu,Windows
735,usr096@gt.edu,Windows
741,usr097@gt.edu,Windows
743,usr097@gt.edu,Windows
744,usr097@gt.edu,Windows
747,usr097@gt.edu,Windows
749,usr098@gt.edu,macOS
755,usr098@gt.edu,Windows
756,usr098@gt.edu,Linux
758,usr099@gt.edu,macOS
761,usr100@gt.edu,Windows
764,usr100@gt.edu,Windows
766,usr101@gt.edu,Windows
767,usr101@gt.edu,macOS
768,usr101@gt.edu,Windows
770,usr101@gt.edu,macOS
772,usr101@gt.edu,macOS
773,usr102@gt.edu,macOS
775,usr102@gt.edu,macOS
776,usr102@gt.edu,Windows
778,usr102@gt.edu,Windows
781,usr103@gt.edu,macOS
783,usr103@gt.edu,macOS
786,usr104@gt.edu,macOS
790,usr104@gt.edu,Windows
792,usr104@gt.edu,Windows
799,usr105@gt.edu,Windows
800,usr105@gt.edu,Windows
802,usr106@gt.edu,Windows
805,usr107@gt.edu,macOS
807,usr107@gt.edu,Windows
808,usr107@gt.edu,macOS
809,usr107@gt.edu,macOS
812,usr108@gt.edu,Windows
814,usr108@gt.edu,Linux
816,usr108@gt.edu,Linux
817,usr108@gt.edu,Windows
820,usr108@gt.edu,macOS
822,usr109@gt.edu,Windows
824,usr109@gt.edu,macOS
825,usr109@gt.edu,macOS
827,usr109@gt.edu,Windows
828,usr109@gt.edu,macOS
829,usr109@gt.edu,Windows
830,usr109@gt.edu,Windows
833,usr110@gt.edu,Linux
835,usr110@gt.edu,macOS
842,usr111@gt.edu,Windows
843,usr111@gt.edu,Linux
846,usr112@gt.edu,Windows
848,usr112@gt.edu,Windows
851,usr113@gt.edu,Windows
852,usr113@gt.edu,Windows
854,usr113@gt.edu,macOS
863,usr114@gt.edu,Windows
867,usr115@gt.edu,Windows
869,usr115@gt.edu,macOS
870,usr115@gt.edu,macOS
872,usr115@gt.edu,Windows
877,usr117@gt.edu,Linux
878,usr117@gt.edu,Windows
879,usr117@gt.edu,Linux
880,usr117@gt.edu,macOS
882,usr117@gt.edu,Windows
883,usr117@gt.edu,Windows
884,usr117@gt.edu,macOS
886,usr117@gt.edu,macOS
893,usr118@gt.edu,Windows
894,usr118@gt.edu,Windows
900,usr119@gt.edu,macOS
903,usr120@gt.edu,macOS
904,usr120@gt.edu,Windows
905,usr120@gt.edu,macOS
907,usr120@gt.edu,Linux
913,usr121@gt.edu,macOS
915,usr122@gt.edu,Windows
920,usr123@gt.edu,Windows
921,usr123@gt.edu,Windows
922,usr123@gt.edu,Windows
923,usr123@gt.edu,Windows
924,usr123@gt.edu,Windows
925,usr124@gt.edu,Windows
927,usr124@gt.edu,macOS
929,usr124@gt.edu,Linux
930,usr124@gt.edu,Windows
932,usr125@gt.edu,Windows
934,usr125@gt.edu,Windows
942,usr126@gt.edu,macOS
945,usr127@gt.edu,macOS
949,usr128@gt.edu,Windows
950,usr128@gt.edu,Windows
955,usr128@gt.edu,Windows
958,usr129@gt.edu,Linux
959,usr129@gt.edu,Linux
960,usr129@gt.edu,macOS
963,usr129@gt.edu,Windows
967,usr129@gt.edu,Windows
968,usr130@gt.edu,macOS
971,usr131@gt.edu,Linux
972,usr131@gt.edu,macOS
973,usr131@gt.edu,Windows
974,usr131@gt.edu,Windows
977,usr132@gt.edu,macOS
979,usr132@gt.edu,Windows
980,usr132@gt.edu,Windows
988,usr133@gt.edu,Windows
990,usr133@gt.edu,macOS
991,usr134@gt.edu,macOS
992,usr134@gt.edu,Windows
994,usr134@gt.edu,Linux
995,usr134@gt.edu,Windows
997,usr134@gt.edu,macOS
1000,usr135@gt.edu,Windows
1001,usr135@gt.edu,Windows
1002,usr135@gt.edu,Windows
1003,usr135@gt.edu,Windows
1007,usr136@gt.edu,Windows
1009,usr136@gt.edu,Windows
1013,usr137@gt.edu,Linux
1017,usr138@gt.edu,Windows
1027,usr139@gt.edu,macOS
1035,usr140@gt.edu,Windows
1036,usr140@gt.edu,macOS
1038,usr140@gt.edu,Windows
1039,usr141@gt.edu,macOS
1041,usr141@gt.edu,Windows
1042,usr141@gt.edu,Linux
1043,usr141@gt.edu,macOS
1044,usr142@gt.edu,macOS
1046,usr142@gt.edu,Windows
1048,usr142@gt.edu,macOS
1050,usr142@gt.edu,macOS
1052,usr142@gt.edu,Windows
1054,usr142@gt.edu,macOS
1055,usr143@gt.edu,macOS
1056,usr143@gt.edu,macOS
1058,usr143@gt.edu,macOS
1062,usr144@gt.edu,Windows
1063,usr144@gt.edu,Windows
1066,usr145@gt.edu,Windows
1069,usr145@gt.edu,Windows
1071,usr145@gt.edu,macOS
1073,usr145@gt.edu,Windows
1074,usr145@gt.edu,macOS
1075,usr145@gt.edu,Windows
1076,usr146@gt.edu,Windows
1079,usr146@gt.edu,macOS
1085,usr146@gt.edu,Windows
1088,usr147@gt.edu,macOS
1089,usr147@gt.edu,Windows
1091,usr147@gt.edu,Windows
1093,usr147@gt.edu,macOS
1096,usr147@gt.edu,Windows
1101,usr148@gt.edu,Windows
1107,usr148@gt.edu,macOS
1108,usr148@gt.edu,Windows
1110,usr149@gt.edu,Windows
1111,usr149@gt.edu,Windows
1112,usr149@gt.edu,Windows
1114,usr150@gt.edu,macOS
1118,usr151@gt.edu,macOS
1120,usr151@gt.edu,macOS
1121,usr151@gt.edu,Windows
1122,usr151@gt.edu,macOS
1123,usr151@gt.edu,Windows
1126,usr152@gt.edu,Windows
1131,usr152@gt.edu,Windows
1136,usr153@gt.edu,macOS
1138,usr153@gt.edu,Windows
1139,usr153@gt.edu,macOS
1140,usr154@gt.edu,Windows
1142,usr154@gt.edu,Windows
1143,usr154@gt.edu,macOS
1144,usr155@gt.edu,Linux
1145,usr155@gt.edu,Windows
1150,usr156@gt.edu,macOS
1154,usr157@gt.edu,Linux
1155,usr157@gt.edu,Windows
1157,usr157@gt.edu,Linux
1159,usr157@gt.edu,Windows
1168,usr158@gt.edu,Windows
1172,usr158@gt.edu,Windows
1174,usr158@gt.edu,macOS
1175,usr158@gt.edu,macOS
1177,usr159@gt.edu,Windows
1178,usr159@gt.edu,Windows
1181,usr159@gt.edu,Windows
1183,usr159@gt.edu,macOS
1186,usr160@gt.edu,macOS
1187,usr160@gt.edu,macOS
1188,usr160@gt.edu,Windows
1192,usr160@gt.edu,Windows
1193,usr161@gt.edu,Windows
1197,usr161@gt.edu,Windows
1201,usr161@gt.edu,Linux
1208,usr163@gt.edu,macOS
1210,usr163@gt.edu,Windows
1211,usr163@gt.edu,Windows
1212,usr164@gt.edu,macOS
1213,usr164@gt.edu,macOS
1215,usr164@gt.edu,Windows
1218,usr164@gt.edu,macOS
1219,usr164@gt.edu,Windows
1220,usr164@gt.edu,Windows
1222,usr164@gt.edu,Windows
1223,usr165@gt.edu,Windows
1224,usr165@gt.edu,Windows
1228,usr165@gt.edu,Windows
1229,usr165@gt.edu,Windows
1231,usr165@gt.edu,Windows
1232,usr165@gt.edu,macOS
1233,usr165@gt.edu,Windows
1234,usr165@gt.edu,Windows
1235,usr166@gt.edu,macOS
1237,usr166@gt.edu,Windows
1242,usr167@gt.edu,macOS
1243,usr167@gt.edu,Windows
1245,usr168@gt.edu,Windows
1248,usr168@gt.edu,macOS
1249,usr169@gt.edu,macOS
1251,usr169@gt.edu,Windows
1254,usr169@gt.edu,Windows
1256,usr169@gt.edu,macOS
1257,usr170@gt.edu,Windows
1258,usr170@gt.edu,Windows
1263,usr171@gt.edu,Windows
1265,usr171@gt.edu,macOS
1272,usr172@gt.edu,Windows
1277,usr173@gt.edu,Windows
1284,usr174@gt.edu,macOS
1285,usr174@gt.edu,Linux
1288,usr175@gt.edu,Windows
1292,usr175@gt.edu,Windows
1293,usr175@gt.edu,macOS
1295,usr175@gt.edu,macOS
1299,usr177@gt.edu,Linux
1300,usr177@gt.edu,macOS
1304,usr177@gt.edu,Windows
1306,usr178@gt.edu,Windows
1307,usr178@gt.edu,macOS
1316,usr178@gt.edu,Linux
1317,usr179@gt.edu,macOS
1320,usr179@gt.edu,Windows
1323,usr179@gt.edu,Windows
1334,usr181@gt.edu,Windows
1337,usr181@gt.edu,Windows
1338,usr181@gt.edu,Windows
1350,usr182@gt.edu,Windows
1351,usr183@gt.edu,Linux
1352,usr183@gt.edu,Windows
1354,usr184@gt.edu,Windows
1363,usr184@gt.edu,Windows
1370,usr185@gt.edu,macOS
1371,usr185@gt.edu,macOS
1373,usr185@gt.edu,macOS
1374,usr185@gt.edu,Windows
1378,usr186@gt.edu,Windows
1379,usr186@gt.edu,macOS
1384,usr187@gt.edu,Windows
1386,usr187@gt.edu,Linux
1390,usr187@gt.edu,Windows
1392,usr188@gt.edu,macOS
1394,usr188@gt.edu,macOS
1400,usr188@gt.edu,macOS
1401,usr189@gt.edu,Windows
1402,usr189@gt.edu,Windows
1403,usr189@gt.edu,Windows
1408,usr190@gt.edu,macOS
1409,usr190@gt.edu,Windows
1410,usr190@gt.edu,Windows
1412,usr190@gt.edu,Windows
1414,usr191@gt.edu,Windows
1418,usr191@gt.edu,Windows
1420,usr191@gt.edu,macOS
1422,usr191@gt.edu,Windows
1423,usr191@gt.edu,macOS
1425,usr192@gt.edu,macOS
1428,usr193@gt.edu,Windows
1430,usr193@gt.edu,Windows
1433,usr193@gt.edu,Windows
1434,usr193@gt.edu,Windows
1436,usr193@gt.edu,macOS
1437,usr193@gt.edu,Windows
1438,usr193@gt.edu,Windows
1439,usr194@gt.edu,Windows
1440,usr194@gt.edu,Linux
1442,usr194@gt.edu,Windows
1446,usr194@gt.edu,Linux
1449,usr195@gt.edu,Windows
1451,usr195@gt.edu,macOS
1452,usr195@gt.edu,Windows
1453,usr195@gt.edu,Windows
1455,usr196@gt.edu,Windows
1456,usr196@gt.edu,Windows
1464,usr196@gt.edu,macOS
1465,usr196@gt.edu,Linux
1466,usr197@gt.edu,Linux
1469,usr197@gt.edu,Windows
1471,usr197@gt.edu,Windows
1478,usr198@gt.edu,Windows
1479,usr198@gt.edu,macOS
1483,usr199@gt.edu,Windows
1486,usr199@gt.edu,macOS
1488,usr200@gt.edu,Windows
1491,usr200@gt.edu,macOS
1494,usr200@gt.edu,Windows
1495,usr200@gt.edu,macOS
1496,usr201@gt.edu,macOS
1500,usr201@gt.edu,Windows
1504,usr202@gt.edu,Windows
1507,usr202@gt.edu,macOS
1510,usr203@gt.edu,macOS
1513,usr203@gt.edu,Linux
1515,usr203@gt.edu,Windows
1517,usr203@gt.edu,Windows
1519,usr203@gt.edu,Windows
1520,usr204@gt.edu,Windows
1524,usr204@gt.edu,macOS
1527,usr204@gt.edu,Windows
1530,usr205@gt.edu,macOS
1534,usr205@gt.edu,Windows
1541,usr205@gt.edu,Linux
1542,usr206@gt.edu,Windows
1543,usr206@gt.edu,macOS
1546,usr206@gt.edu,Windows
1547,usr206@gt.edu,Windows
1555,usr207@gt.edu,Windows
1556,usr207@gt.edu,Windows
1563,usr208@gt.edu,Windows
1564,usr208@gt.edu,Linux
1567,usr209@gt.edu,Windows
1569,usr209@gt.edu,macOS
1571,usr209@gt.edu,macOS
1575,usr210@gt.edu,Windows
1577,usr210@gt.edu,macOS
1579,usr210@gt.edu,Windows
1580,usr211@gt.edu,Windows
1583,usr211@gt.edu,macOS
1584,usr211@gt.edu,macOS
1587,usr212@gt.edu,Windows
1592,usr212@gt.edu,macOS
1594,usr213@gt.edu,Linux
1595,usr213@gt.edu,Windows
1596,usr213@gt.edu,Windows
1599,usr213@gt.edu,Windows
1605,usr213@gt.edu,Windows
1607,usr214@gt.edu,Windows
1609,usr214@gt.edu,Windows
1613,usr214@gt.edu,Windows
1615,usr214@gt.edu,Windows
1618,usr215@gt.edu,Windows
1620,usr215@gt.edu,macOS
1625,usr216@gt.edu,Windows
1626,usr216@gt.edu,macOS
1629,usr216@gt.edu,macOS
1631,usr216@gt.edu,macOS
1632,usr216@gt.edu,Windows
1635,usr217@gt.edu,Windows
1638,usr217@gt.edu,macOS
1639,usr217@gt.edu,Linux
1648,usr218@gt.edu,Windows
1649,usr218@gt.edu,Windows
1653,usr219@gt.edu,macOS
1655,usr219@gt.edu,Windows
1658,usr219@gt.edu,Linux
1659,usr219@gt.edu,macOS
1660,usr220@gt.edu,Windows
1661,usr220@gt.edu,macOS
1662,usr220@gt.edu,Linux
1664,usr220@gt.edu,Windows
1665,usr220@gt.edu,Windows
1666,usr220@gt.edu,Windows
1667,usr220@gt.edu,Windows
1671,usr221@gt.edu,Windows
1673,usr221@gt.edu,Linux
1674,usr221@gt.edu,macOS
1676,usr222@gt.edu,Windows
1680,usr222@gt.edu,Windows
1686,usr223@gt.edu,macOS
1693,usr224@gt.edu,Windows
1694,usr224@gt.edu,Windows
1695,usr224@gt.edu,macOS
1696,usr224@gt.edu,Windows
1697,usr225@gt.edu,Linux
1702,usr226@gt.edu,Windows
1707,usr227@gt.edu,Windows
1709,usr227@gt.edu,macOS
1711,usr228@gt.edu,Windows
1712,usr228@gt.edu,Windows
1723,usr229@gt.edu,macOS
1726,usr229@gt.edu,Windows
1735,usr231@gt.edu,Windows
1736,usr231@gt.edu,macOS
1739,usr231@gt.edu,Windows
1740,usr231@gt.edu,Linux
1741,usr232@gt.edu,macOS
1747,usr232@gt.edu,macOS
1748,usr233@gt.edu,macOS
1752,usr234@gt.edu,Windows
1755,usr235@gt.edu,Linux
1760,usr236@gt.edu,Windows
1768,usr236@gt.edu,Windows
1771,usr237@gt.edu,Windows
1773,usr237@gt.edu,Windows
1775,usr237@gt.edu,Windows
1776,usr237@gt.edu,Windows
1778,usr238@gt.edu,Windows
1780,usr238@gt.edu,Windows
1783,usr239@gt.edu,Linux
1784,usr239@gt.edu,Windows
1789,usr239@gt.edu,macOS
1790,usr239@gt.edu,Windows
1791,usr239@gt.edu,macOS
1793,usr239@gt.edu,Windows
1794,usr239@gt.edu,macOS
1796,usr240@gt.edu,Windows
1797,usr240@gt.edu,Windows
1802,usr240@gt.edu,Linux
1808,usr241@gt.edu,Windows
1811,usr241@gt.edu,macOS
1814,usr242@gt.edu,Windows
1816,usr242@gt.edu,Windows
1821,usr242@gt.edu,Windows
1822,usr242@gt.edu,Windows
1824,usr243@gt.edu,Linux
1827,usr244@gt.edu,macOS
1828,usr244@gt.edu,macOS
1829,usr244@gt.edu,macOS
1832,usr245@gt.edu,macOS
1833,usr245@gt.edu,Windows
1834,usr245@gt.edu,Windows
1842,usr246@gt.edu,macOS
1843,usr246@gt.edu,macOS
1847,usr246@gt.edu,macOS
1850,usr247@gt.edu,Windows
1853,usr247@gt.edu,Windows
1855,usr247@gt.edu,macOS
1859,usr248@gt.edu,Windows
1860,usr248@gt.edu,Windows
1863,usr248@gt.edu,macOS
1865,usr249@gt.edu,Windows
1866,usr249@gt.edu,Windows
1870,usr249@gt.edu,Windows
1871,usr249@gt.edu,Windows
1872,usr249@gt.edu,Windows
1873,usr249@gt.edu,Windows
1874,usr249@gt.edu,Windows
1879,usr251@gt.edu,Linux
1883,usr252@gt.edu,Linux
1885,usr253@gt.edu,Windows
1887,usr253@gt.edu,macOS
1891,usr253@gt.edu,Windows
1897,usr254@gt.edu,macOS
1905,usr255@gt.edu,Windows
1912,usr256@gt.edu,Linux
1914,usr256@gt.edu,macOS
1915,usr256@gt.edu,macOS
1916,usr256@gt.edu,Windows
1922,usr257@gt.edu,macOS
1926,usr257@gt.edu,macOS
1931,usr258@gt.edu,macOS
1932,usr258@gt.edu,Windows
1933,usr258@gt.edu,Windows
1934,usr259@gt.edu,macOS
1935,usr259@gt.edu,macOS
1937,usr260@gt.edu,Windows
1943,usr261@gt.edu,Windows
1945,usr261@gt.edu,Windows
1946,usr261@gt.edu,macOS
1949,usr261@gt.edu,macOS
1952,usr261@gt.edu,Windows
1953,usr262@gt.edu,macOS
1954,usr262@gt.edu,Windows
1955,usr262@gt.edu,macOS
1956,usr262@gt.edu,Windows
1960,usr263@gt.edu,macOS
1963,usr263@gt.edu,Linux
1964,usr263@gt.edu,Windows
1966,usr264@gt.edu,macOS
1968,usr264@gt.edu,Windows
1970,usr264@gt.edu,Windows
1973,usr264@gt.edu,Windows
1975,usr265@gt.edu,Windows
1978,usr265@gt.edu,Windows
1979,usr265@gt.edu,Windows
1980,usr265@gt.edu,Windows
1982,usr265@gt.edu,macOS
1983,usr265@gt.edu,macOS
1986,usr266@gt.edu,Windows
1988,usr266@gt.edu,macOS
1992,usr267@gt.edu,Windows
1993,usr267@gt.edu,Windows
1996,usr267@gt.edu,macOS
1998,usr268@gt.edu,Windows
2001,usr269@gt.edu,Linux
2002,usr269@gt.edu,macOS
2012,usr270@gt.edu,Linux
2015,usr270@gt.edu,Linux
2016,usr271@gt.edu,Windows
2019,usr271@gt.edu,Windows
2020,usr271@gt.edu,macOS
2021,usr271@gt.edu,Linux
2024,usr271@gt.edu,Windows
2025,usr272@gt.edu,macOS
2028,usr272@gt.edu,Linux
2031,usr272@gt.edu,macOS
2033,usr272@gt.edu,Linux
2037,usr273@gt.edu,Windows
2039,usr273@gt.edu,macOS
2041,usr273@gt.edu,Windows
2042,usr273@gt.edu,macOS
2044,usr273@gt.edu,Windows
2046,usr274@gt.edu,macOS
2047,usr274@gt.edu,Windows
2052,usr274@gt.edu,macOS
2054,usr274@gt.edu,Windows
2055,usr275@gt.edu,Windows
2058,usr275@gt.edu,macOS
2066,usr276@gt.edu,Windows
2069,usr277@gt.edu,Windows
2074,usr278@gt.edu,Windows
2076,usr278@gt.edu,Windows
2077,usr278@gt.edu,macOS
2080,usr278@gt.edu,macOS
2085,usr279@gt.edu,Windows
2087,usr279@gt.edu,Windows
2098,usr281@gt.edu,Windows
2099,usr281@gt.edu,macOS
2102,usr281@gt.edu,Windows
2103,usr281@gt.edu,macOS
2106,usr282@gt.edu,Windows
2111,usr283@gt.edu,Windows
2112,usr283@gt.edu,macOS
2113,usr283@gt.edu,Windows
2116,usr284@gt.edu,Windows
2118,usr284@gt.edu,Windows
2122,usr284@gt.edu,Windows
2126,usr284@gt.edu,Windows
2127,usr285@gt.edu,Windows
2130,usr285@gt.edu,macOS
2132,usr285@gt.edu,macOS
2140,usr286@gt.edu,Windows
2142,usr286@gt.edu,macOS
2146,usr287@gt.edu,Windows
2147,usr287@gt.edu,Linux
2153,usr289@gt.edu,macOS
2157,usr289@gt.edu,Windows
2159,usr289@gt.edu,Windows
2163,usr290@gt.edu,Linux
2165,usr290@gt.edu,Windows
2166,usr290@gt.edu,Windows
2180,usr293@gt.edu,Windows
2182,usr294@gt.edu,macOS
2185,usr294@gt.edu,Windows
2192,usr295@gt.edu,macOS
2194,usr295@gt.edu,macOS
2195,usr295@gt.edu,macOS
2197,usr296@gt.edu,macOS
2199,usr296@gt.edu,Windows
2201,usr296@gt.edu,macOS
2202,usr297@gt.edu,Windows
2205,usr297@gt.edu,Windows
2206,usr297@gt.edu,macOS
2207,usr297@gt.edu,Windows
2209,usr297@gt.edu,Windows
2210,usr297@gt.edu,macOS
2212,usr297@gt.edu,Windows
2217,usr298@gt.edu,Windows
2227,usr299@gt.edu,Windows
2228,usr299@gt.edu,Windows
2232,usr300@gt.edu,macOS
2233,usr301@gt.edu,Windows
2239,usr301@gt.edu,macOS
2240,usr301@gt.edu,Windows
2243,usr302@gt.edu,macOS
2244,usr302@gt.edu,macOS
2245,usr302@gt.edu,Linux
2248,usr302@gt.edu,Windows
2249,usr302@gt.edu,Windows
2252,usr303@gt.edu,Linux
2255,usr304@gt.edu,Windows
2257,usr304@gt.edu,macOS
2262,usr305@gt.edu,Windows
2264,usr306@gt.edu,Windows
2266,usr306@gt.edu,Windows
2269,usr307@gt.edu,macOS
2274,usr308@gt.edu,Windows
2276,usr308@gt.edu,Windows
2278,usr308@gt.edu,Windows
2279,usr308@gt.edu,macOS
2290,usr309@gt.edu,Windows
2291,usr310@gt.edu,Windows
2294,usr310@gt.edu,Windows
2299,usr311@gt.edu,Linux
2301,usr311@gt.edu,Windows
2302,usr311@gt.edu,Linux
2303,usr311@gt.edu,macOS
2304,usr311@gt.edu,Windows
2305,usr311@gt.edu,Windows
2312,usr313@gt.edu,Linux
2315,usr313@gt.edu,Windows
2318,usr314@gt.edu,macOS
2321,usr314@gt.edu,macOS
2327,usr315@gt.edu,Windows
2331,usr315@gt.edu,Linux
2335,usr315@gt.edu,macOS
2340,usr316@gt.edu,Windows
2344,usr316@gt.edu,Windows
2346,usr316@gt.edu,macOS
2347,usr316@gt.edu,macOS
2348,usr316@gt.edu,Windows
2349,usr316@gt.edu,macOS
2356,usr318@gt.edu,Windows
2357,usr318@gt.edu,Windows
2359,usr318@gt.edu,Windows
2360,usr318@gt.edu,macOS
2361,usr318@gt.edu,macOS
2363,usr319@gt.edu,Windows
2369,usr319@gt.edu,Windows
2370,usr319@gt.edu,Windows
2371,usr319@gt.edu,Windows
2375,usr320@gt.edu,Windows
2376,usr320@gt.edu,macOS
2378,usr320@gt.edu,Linux
2386,usr321@gt.edu,Windows
2388,usr322@gt.edu,Windows
2389,usr322@gt.edu,Windows
2390,usr322@gt.edu,Windows
2394,usr323@gt.edu,Windows
2399,usr324@gt.edu,Linux
2400,usr324@gt.edu,Windows
2404,usr325@gt.edu,Windows
2408,usr325@gt.edu,Windows
2411,usr326@gt.edu,Windows
2413,usr326@gt.edu,Windows
2414,usr326@gt.edu,Linux
2417,usr326@gt.edu,Windows
2420,usr327@gt.edu,Windows
2424,usr327@gt.edu,Linux
2430,usr328@gt.edu,Windows
2431,usr328@gt.edu,Linux
2435,usr328@gt.edu,macOS
2438,usr329@gt.edu,Windows
2439,usr329@gt.edu,macOS
2443,usr330@gt.edu,Windows
2444,usr331@gt.edu,Windows
2452,usr332@gt.edu,macOS
2455,usr333@gt.edu,Windows
2456,usr333@gt.edu,Linux
2460,usr333@gt.edu,Linux
2464,usr335@gt.edu,Linux
2470,usr335@gt.edu,Windows
2473,usr335@gt.edu,Windows
2474,usr335@gt.edu,macOS
2475,usr335@gt.edu,macOS
2476,usr336@gt.edu,Windows
2478,usr336@gt.edu,macOS
2480,usr336@gt.edu,Windows
2482,usr336@gt.edu,Windows
2483,usr336@gt.edu,Windows
2484,usr336@gt.edu,Linux
2485,usr336@gt.edu,Linux
2487,usr337@gt.edu,Windows
2488,usr337@gt.edu,Windows
2491,usr337@gt.edu,Windows
2493,usr337@gt.edu,macOS
2495,usr337@gt.edu,macOS
2496,usr337@gt.edu,Windows
2498,usr338@gt.edu,Windows
2499,usr338@gt.edu,macOS
2500,usr338@gt.edu,Windows
2501,usr338@gt.edu,macOS
2502,usr338@gt.edu,Windows
2504,usr338@gt.edu,macOS
2506,usr338@gt.edu,Linux
2508,usr339@gt.edu,macOS
2509,usr339@gt.edu,Windows
2512,usr340@gt.edu,macOS
2513,usr340@gt.edu,Windows
2518,usr340@gt.edu,macOS
2519,usr340@gt.edu,macOS
2522,usr341@gt.edu,Windows
2525,usr342@gt.edu,Windows
2532,usr343@gt.edu,Windows
2541,usr344@gt.edu,Windows
2542,usr344@gt.edu,Linux
2543,usr344@gt.edu,Windows
2547,usr344@gt.edu,Windows
2548,usr344@gt.edu,Windows
2551,usr344@gt.edu,Windows
2556,usr345@gt.edu,macOS
2560,usr347@gt.edu,Windows
2561,usr347@gt.edu,Windows
2562,usr347@gt.edu,macOS
2571,usr349@gt.edu,Windows
2576,usr349@gt.edu,macOS
2579,usr349@gt.edu,macOS
2580,usr350@gt.edu,Windows
2584,usr351@gt.edu,Windows
2585,usr351@gt.edu,Windows
2589,usr351@gt.edu,Windows
2592,usr351@gt.edu,Windows
2595,usr352@gt.edu,Windows
2599,usr353@gt.edu,macOS
2600,usr353@gt.edu,Windows
2603,usr353@gt.edu,Windows
2606,usr354@gt.edu,Windows
2607,usr354@gt.edu,macOS
2616,usr355@gt.edu,Windows
2619,usr355@gt.edu,macOS
2620,usr355@gt.edu,macOS
2621,usr355@gt.edu,Windows
2622,usr355@gt.edu,Windows
2623,usr355@gt.edu,Windows
2629,usr356@gt.edu,Windows
2631,usr356@gt.edu,Windows
2634,usr356@gt.edu,macOS
2636,usr357@gt.edu,macOS
2639,usr357@gt.edu,Windows
2640,usr357@gt.edu,macOS
2644,usr358@gt.edu,Windows
2646,usr358@gt.edu,Windows
2647,usr359@gt.edu,Windows
2648,usr359@gt.edu,Windows
2649,usr359@gt.edu,Windows
2652,usr359@gt.edu,Windows
2654,usr359@gt.edu,Windows
2663,usr360@gt.edu,Linux
2669,usr361@gt.edu,macOS
2670,usr361@gt.edu,Windows
2671,usr361@gt.edu,macOS
2672,usr361@gt.edu,macOS
2674,usr361@gt.edu,macOS
2680,usr362@gt.edu,Windows
2683,usr362@gt.edu,Windows
2686,usr362@gt.edu,macOS
2693,usr363@gt.edu,Windows
2699,usr364@gt.edu,Windows
2704,usr364@gt.edu,Windows
2706,usr364@gt.edu,macOS
2712,usr366@gt.edu,Linux
2716,usr366@gt.edu,macOS
2719,usr366@gt.edu,Windows
2720,usr366@gt.edu,macOS
2724,usr367@gt.edu,Linux
2725,usr368@gt.edu,Windows
2728,usr368@gt.edu,macOS
2729,usr368@gt.edu,Windows
2735,usr369@gt.edu,Windows
2742,usr370@gt.edu,macOS
2744,usr370@gt.edu,Linux
2747,usr370@gt.edu,macOS
2750,usr370@gt.edu,macOS
2751,usr370@gt.edu,macOS
2757,usr371@gt.edu,Windows
2758,usr371@gt.edu,macOS
2759,usr371@gt.edu,Windows
2767,usr372@gt.edu,Windows
2768,usr372@gt.edu,macOS
2770,usr372@gt.edu,macOS
2774,usr373@gt.edu,Windows
2778,usr373@gt.edu,macOS
2779,usr373@gt.edu,Windows
2783,usr374@gt.edu,macOS
2784,usr374@gt.edu,Windows
2790,usr375@gt.edu,macOS
2793,usr376@gt.edu,Windows
2796,usr376@gt.edu,Windows
2797,usr376@gt.edu,Linux
2798,usr376@gt.edu,macOS
2806,usr378@gt.edu,Windows
2809,usr378@gt.edu,Windows
2810,usr378@gt.edu,Windows
2812,usr378@gt.edu,Linux
2813,usr379@gt.edu,Windows
2815,usr379@gt.edu,Windows
2817,usr379@gt.edu,macOS
2823,usr380@gt.edu,Windows
2824,usr380@gt.edu,Windows
2825,usr380@gt.edu,Windows
2827,usr380@gt.edu,macOS
2828,usr381@gt.edu,Windows
2829,usr381@gt.edu,macOS
2830,usr381@gt.edu,Windows
2835,usr381@gt.edu,Linux
2839,usr382@gt.edu,Windows
2844,usr382@gt.edu,macOS
2851,usr383@gt.edu,Windows
2853,usr383@gt.edu,Windows
2855,usr384@gt.edu,Windows
2859,usr384@gt.edu,Windows
2860,usr384@gt.edu,Windows
2863,usr384@gt.edu,Windows
2866,usr385@gt.edu,Windows
2867,usr385@gt.edu,macOS
2871,usr385@gt.edu,Windows
2874,usr386@gt.edu,Windows
2875,usr386@gt.edu,macOS
2876,usr386@gt.edu,Windows
2877,usr386@gt.edu,Windows
2880,usr386@gt.edu,macOS
2883,usr387@gt.edu,Windows
2884,usr387@gt.edu,macOS
2888,usr387@gt.edu,macOS
2891,usr387@gt.edu,macOS
2892,usr388@gt.edu,Windows
2894,usr388@gt.edu,Windows
2895,usr388@gt.edu,macOS
2898,usr389@gt.edu,macOS
2901,usr389@gt.edu,Windows
2904,usr389@gt.edu,macOS
2910,usr390@gt.edu,Windows
2912,usr390@gt.edu,macOS
2913,usr390@gt.edu,macOS
2914,usr390@gt.edu,Windows
2919,usr390@gt.edu,macOS
2924,usr391@gt.edu,Linux
2927,usr392@gt.edu,Windows
2928,usr392@gt.edu,Windows
2929,usr392@gt.edu,macOS
2936,usr392@gt.edu,Windows
2938,usr393@gt.edu,macOS
2947,usr394@gt.edu,Windows
2949,usr394@gt.edu,macOS
2952,usr395@gt.edu,Windows
2954,usr395@gt.edu,Windows
2957,usr395@gt.edu,macOS
2959,usr395@gt.edu,macOS
2960,usr395@gt.edu,Windows
2965,usr396@gt.edu,Windows
2966,usr396@gt.edu,Windows
2970,usr397@gt.edu,Windows
2973,usr397@gt.edu,macOS
2985,usr398@gt.edu,Windows
2986,usr398@gt.edu,Windows
2988,usr398@gt.edu,macOS
3001,usr401@gt.edu,Linux
3002,usr401@gt.edu,Windows
3004,usr401@gt.edu,Windows
3008,usr402@gt.edu,Windows
3011,usr403@gt.edu,Windows
3020,usr403@gt.edu,macOS
3024,usr404@gt.edu,macOS
3029,usr404@gt.edu,macOS
3030,usr404@gt.edu,macOS
3031,usr404@gt.edu,macOS
3032,usr404@gt.edu,macOS
3034,usr404@gt.edu,Windows
3037,usr405@gt.edu,Windows
3038,usr405@gt.edu,Windows
3039,usr405@gt.edu,Windows
3042,usr405@gt.edu,macOS
3045,usr405@gt.edu,macOS
3046,usr405@gt.edu,macOS
3047,usr406@gt.edu,macOS
3048,usr406@gt.edu,Windows
3056,usr407@gt.edu,macOS
3059,usr407@gt.edu,Windows
3060,usr408@gt.edu,macOS
3063,usr408@gt.edu,Windows
3064,usr408@gt.edu,macOS
3065,usr409@gt.edu,macOS
3070,usr410@gt.edu,Windows
3072,usr410@gt.edu,Windows
3078,usr410@gt.edu,Windows
3079,usr410@gt.edu,Windows
3083,usr411@gt.edu,Windows
3087,usr412@gt.edu,Windows
3091,usr412@gt.edu,Windows
3099,usr413@gt.edu,Windows
3101,usr413@gt.edu,Windows
3102,usr413@gt.edu,Windows
3113,usr414@gt.edu,Windows
3116,usr415@gt.edu,Windows
3118,usr415@gt.edu,macOS
3121,usr416@gt.edu,macOS
3122,usr416@gt.edu,Windows
3125,usr416@gt.edu,Windows
3127,usr417@gt.edu,macOS
3135,usr418@gt.edu,Windows
3137,usr418@gt.edu,Windows
3140,usr419@gt.edu,Windows
3146,usr420@gt.edu,Windows
3147,usr420@gt.edu,macOS
3159,usr421@gt.edu,Linux
3160,usr422@gt.edu,macOS
3161,usr422@gt.edu,Windows
3163,usr422@gt.edu,Linux
3166,usr422@gt.edu,Windows
3169,usr423@gt.edu,Windows
3170,usr424@gt.edu,Windows
3178,usr426@gt.edu,macOS
3185,usr427@gt.edu,Windows
3197,usr429@gt.edu,Windows
3198,usr429@gt.edu,macOS
3200,usr429@gt.edu,Linux
3203,usr429@gt.edu,Windows
3211,usr430@gt.edu,macOS
3213,usr431@gt.edu,Windows
3214,usr431@gt.edu,Windows
3216,usr431@gt.edu,macOS
3218,usr432@gt.edu,Windows
3230,usr434@gt.edu,Windows
3231,usr434@gt.edu,Windows
3233,usr435@gt.edu,macOS
3236,usr436@gt.edu,Linux
3238,usr436@gt.edu,macOS
3240,usr436@gt.edu,Windows
3241,usr436@gt.edu,Windows
3242,usr436@gt.edu,macOS
3246,usr437@gt.edu,Windows
3248,usr438@gt.edu,Linux
3251,usr438@gt.edu,Windows
3252,usr438@gt.edu,Windows
3253,usr438@gt.edu,Windows
3256,usr438@gt.edu,Windows
3258,usr438@gt.edu,Windows
3260,usr439@gt.edu,Windows
3262,usr439@gt.edu,macOS
3263,usr440@gt.edu,Linux
3272,usr441@gt.edu,Windows
3274,usr442@gt.edu,macOS
3275,usr442@gt.edu,Windows
3276,usr442@gt.edu,Windows
3280,usr443@gt.edu,Windows
3282,usr443@gt.edu,Windows
3287,usr443@gt.edu,Windows
3292,usr444@gt.edu,macOS
3293,usr444@gt.edu,Windows
3295,usr445@gt.edu,macOS
3296,usr445@gt.edu,Windows
3299,usr445@gt.edu,Windows
3300,usr445@gt.edu,Windows
3302,usr445@gt.edu,macOS
3309,usr446@gt.edu,Linux
3312,usr447@gt.edu,Windows
3313,usr447@gt.edu,Windows
3316,usr448@gt.edu,Windows
3329,usr450@gt.edu,macOS
3332,usr450@gt.edu,Windows
3336,usr451@gt.edu,macOS
3337,usr451@gt.edu,Windows
3338,usr451@gt.edu,Linux
3340,usr451@gt.edu,macOS
3341,usr451@gt.edu,macOS
3343,usr451@gt.edu,macOS
3344,usr451@gt.edu,Windows
3346,usr451@gt.edu,macOS
3348,usr452@gt.edu,Windows
3356,usr452@gt.edu,macOS
3363,usr454@gt.edu,macOS
3374,usr456@gt.edu,Linux
3377,usr456@gt.edu,macOS
3378,usr456@gt.edu,Windows
3379,usr456@gt.edu,Windows
3382,usr456@gt.edu,Windows
3384,usr456@gt.edu,Windows
3387,usr457@gt.edu,Linux
3389,usr457@gt.edu,macOS
3390,usr457@gt.edu,Windows
3391,usr457@gt.edu,Windows
3392,usr457@gt.edu,Linux
3393,usr457@gt.edu,Windows
3397,usr458@gt.edu,Windows
3399,usr458@gt.edu,Windows
3404,usr459@gt.edu,Windows
3405,usr459@gt.edu,Linux
3406,usr460@gt.edu,Windows
3407,usr460@gt.edu,Windows
3410,usr461@gt.edu,Linux
3412,usr461@gt.edu,Windows
3414,usr461@gt.edu,Windows
3415,usr461@gt.edu,macOS
3418,usr461@gt.edu,Windows
3419,usr462@gt.edu,Windows
3420,usr462@gt.edu,Windows
3423,usr462@gt.edu,Linux
3424,usr463@gt.edu,macOS
3429,usr463@gt.edu,Windows
3431,usr464@gt.edu,Windows
3432,usr464@gt.edu,Windows
3436,usr464@gt.edu,Windows
3443,usr465@gt.edu,Linux
3445,usr465@gt.edu,Windows
3446,usr465@gt.edu,Linux
3447,usr466@gt.edu,Linux
3452,usr467@gt.edu,Windows
3455,usr467@gt.edu,Windows
3460,usr468@gt.edu,macOS
3465,usr470@gt.edu,macOS
3467,usr470@gt.edu,macOS
3468,usr470@gt.edu,Windows
3469,usr470@gt.edu,Windows
3470,usr470@gt.edu,Windows
3472,usr470@gt.edu,Windows
3476,usr471@gt.edu,Windows
3477,usr471@gt.edu,Windows
3485,usr473@gt.edu,Linux
3490,usr474@gt.edu,Windows
3491,usr474@gt.edu,Linux
3493,usr474@gt.edu,macOS
3496,usr474@gt.edu,Linux
3497,usr475@gt.edu,Windows
3504,usr475@gt.edu,Windows
3507,usr476@gt.edu,Windows
3512,usr477@gt.edu,Linux
3513,usr477@gt.edu,Windows
3515,usr477@gt.edu,Windows
3526,usr478@gt.edu,macOS
3528,usr478@gt.edu,Linux
3530,usr478@gt.edu,Windows
3534,usr480@gt.edu,macOS
3537,usr480@gt.edu,Windows
3538,usr481@gt.edu,macOS
3539,usr481@gt.edu,Windows
3541,usr481@gt.edu,macOS
3542,usr481@gt.edu,macOS
3543,usr481@gt.edu,macOS
3544,usr481@gt.edu,Windows
3547,usr481@gt.edu,Windows
3551,usr482@gt.edu,Windows
3552,usr482@gt.edu,Windows
3554,usr482@gt.edu,macOS
3558,usr482@gt.edu,macOS
3559,usr483@gt.edu,macOS
3560,usr483@gt.edu,Windows
3562,usr483@gt.edu,macOS
3563,usr483@gt.edu,macOS
3565,usr483@gt.edu,Windows
3567,usr484@gt.edu,Windows
3569,usr484@gt.edu,Windows
3573,usr485@gt.edu,Windows
3576,usr485@gt.edu,Windows
3577,usr486@gt.edu,macOS
3578,usr486@gt.edu,macOS
3580,usr486@gt.edu,Windows
3581,usr486@gt.edu,Windows
3584,usr487@gt.edu,Linux
3585,usr487@gt.edu,macOS
3586,usr487@gt.edu,Windows
3587,usr488@gt.edu,Windows
3590,usr488@gt.edu,Windows
3593,usr488@gt.edu,macOS
3594,usr488@gt.edu,Windows
3599,usr489@gt.edu,Windows
3603,usr489@gt.edu,macOS
3604,usr490@gt.edu,macOS
3605,usr490@gt.edu,macOS
3607,usr490@gt.edu,Windows
3608,usr490@gt.edu,macOS
3615,usr492@gt.edu,Windows
3616,usr492@gt.edu,Windows
3617,usr492@gt.edu,Windows
3621,usr493@gt.edu,macOS
3623,usr493@gt.edu,Windows
3625,usr493@gt.edu,macOS
3626,usr493@gt.edu,Windows
3634,usr494@gt.edu,macOS
3636,usr494@gt.edu,Windows
3637,usr494@gt.edu,Windows
3638,usr494@gt.edu,Windows
3639,usr494@gt.edu,Linux
3643,usr495@gt.edu,Windows
3645,usr495@gt.edu,Windows
3647,usr495@gt.edu,Windows
3648,usr495@gt.edu,Windows
3651,usr496@gt.edu,Windows
3653,usr496@gt.edu,macOS
3656,usr497@gt.edu,Linux
3658,usr497@gt.edu,macOS
3659,usr497@gt.edu,Linux
3662,usr497@gt.edu,Linux
3664,usr497@gt.edu,macOS
3670,usr499@gt.edu,Windows
3671,usr499@gt.edu,Windows
3672,usr499@gt.edu,Windows
3681,usr500@gt.edu,macOS
3685,usr501@gt.edu,macOS
3686,usr501@gt.edu,macOS
3687,usr501@gt.edu,Windows
3688,usr501@gt.edu,Windows
3689,usr501@gt.edu,macOS
3692,usr502@gt.edu,macOS
3693,usr502@gt.edu,Windows
3695,usr502@gt.edu,macOS
3700,usr502@gt.edu,Windows
3703,usr503@gt.edu,Windows
3704,usr503@gt.edu,macOS
3705,usr503@gt.edu,macOS
3706,usr503@gt.edu,macOS
3709,usr504@gt.edu,macOS
3710,usr504@gt.edu,macOS
3712,usr504@gt.edu,Windows
3713,usr504@gt.edu,macOS
3714,usr504@gt.edu,Windows
3716,usr504@gt.edu,Windows
3720,usr505@gt.edu,Windows
3726,usr506@gt.edu,Windows
3734,usr506@gt.edu,Windows
3737,usr507@gt.edu,Windows
3739,usr507@gt.edu,Windows
3743,usr508@gt.edu,Windows
3745,usr508@gt.edu,Linux
3748,usr508@gt.edu,Windows
3749,usr508@gt.edu,Windows
3751,usr508@gt.edu,macOS
3756,usr510@gt.edu,Windows
3757,usr510@gt.edu,Windows
3759,usr510@gt.edu,Windows
3767,usr511@gt.edu,macOS
3771,usr511@gt.edu,Windows
3778,usr512@gt.edu,macOS
3782,usr512@gt.edu,macOS
3783,usr512@gt.edu,Windows
3784,usr512@gt.edu,macOS
3786,usr513@gt.edu,macOS
3787,usr513@gt.edu,Linux
3788,usr513@gt.edu,Windows
3789,usr513@gt.edu,Windows
3790,usr513@gt.edu,Windows
3793,usr513@gt.edu,Windows
3796,usr514@gt.edu,Windows
3797,usr514@gt.edu,Linux
3799,usr514@gt.edu,Windows
3800,usr514@gt.edu,macOS
3804,usr514@gt.edu,Windows
3813,usr515@gt.edu,macOS
3816,usr516@gt.edu,macOS
3820,usr516@gt.edu,Windows
3828,usr517@gt.edu,Windows
3833,usr517@gt.edu,macOS
3835,usr518@gt.edu,Windows
3836,usr518@gt.edu,Windows
3837,usr518@gt.edu,Linux
3838,usr518@gt.edu,Windows
3842,usr518@gt.edu,Linux
3845,usr519@gt.edu,macOS
3847,usr519@gt.edu,macOS
3853,usr520@gt.edu,macOS
3855,usr520@gt.edu,Windows
3856,usr520@gt.edu,Windows
3859,usr521@gt.edu,Windows
3861,usr521@gt.edu,Windows
3867,usr523@gt.edu,Windows
3868,usr523@gt.edu,Windows
3877,usr524@gt.edu,Windows
3880,usr524@gt.edu,Windows
3881,usr524@gt.edu,Windows
3882,usr524@gt.edu,Linux
3883,usr524@gt.edu,Windows
3885,usr524@gt.edu,Linux
3886,usr524@gt.edu,Windows
3887,usr525@gt.edu,macOS
3895,usr526@gt.edu,macOS
3896,usr526@gt.edu,Windows
3900,usr527@gt.edu,Windows
3901,usr527@gt.edu,Windows
3902,usr527@gt.edu,Windows
3906,usr527@gt.edu,macOS
3909,usr527@gt.edu,Windows
3910,usr528@gt.edu,Windows
3912,usr528@gt.edu,Windows
3915,usr528@gt.edu,Windows
3916,usr528@gt.edu,Windows
3917,usr528@gt.edu,Windows
3920,usr529@gt.edu,Windows
3924,usr529@gt.edu,Windows
3929,usr529@gt.edu,macOS
3937,usr531@gt.edu,Linux
3939,usr531@gt.edu,macOS
3941,usr531@gt.edu,Windows
3942,usr531@gt.edu,Linux
3944,usr531@gt.edu,Windows
3946,usr531@gt.edu,macOS
3952,usr532@gt.edu,Windows
3953,usr533@gt.edu,Windows
3955,usr533@gt.edu,Windows
3956,usr534@gt.edu,Linux
3962,usr534@gt.edu,Windows
3965,usr534@gt.edu,Windows
3966,usr534@gt.edu,Windows
3967,usr534@gt.edu,Windows
3970,usr535@gt.edu,Windows
3971,usr535@gt.edu,Windows
3972,usr535@gt.edu,Windows
3973,usr535@gt.edu,Windows
3976,usr535@gt.edu,macOS
3977,usr536@gt.edu,Windows
3979,usr536@gt.edu,Windows
3980,usr536@gt.edu,macOS
3984,usr537@gt.edu,Windows
3988,usr538@gt.edu,macOS
3989,usr538@gt.edu,Linux
3990,usr538@gt.edu,Windows
3994,usr538@gt.edu,Windows
3999,usr539@gt.edu,Windows
4000,usr539@gt.edu,Linux
4002,usr540@gt.edu,Windows
4003,usr540@gt.edu,Windows
4004,usr540@gt.edu,macOS
4005,usr540@gt.edu,Linux
4013,usr541@gt.edu,Windows
4015,usr541@gt.edu,Windows
4016,usr542@gt.edu,Linux
4018,usr542@gt.edu,Linux
4020,usr543@gt.edu,macOS
4022,usr544@gt.edu,Windows
4024,usr544@gt.edu,Windows
4025,usr544@gt.edu,Windows
4026,usr544@gt.edu,Windows
4027,usr544@gt.edu,Windows
4029,usr544@gt.edu,Windows
4033,usr545@gt.edu,Windows
4034,usr545@gt.edu,Windows
4037,usr545@gt.edu,Windows
4038,usr546@gt.edu,Windows
4040,usr546@gt.edu,Windows
4042,usr546@gt.edu,Windows
4043,usr546@gt.edu,macOS
4044,usr546@gt.edu,Windows
4045,usr547@gt.edu,macOS
4047,usr547@gt.edu,macOS
4048,usr547@gt.edu,Windows
4052,usr547@gt.edu,Windows
4058,usr549@gt.edu,Windows
4062,usr549@gt.edu,Windows
4063,usr549@gt.edu,Windows
4064,usr549@gt.edu,macOS
4065,usr549@gt.edu,macOS
4067,usr549@gt.edu,Windows
4068,usr550@gt.edu,macOS
4071,usr550@gt.edu,Windows
4072,usr550@gt.edu,macOS
4076,usr551@gt.edu,macOS
4078,usr551@gt.edu,Windows
4082,usr551@gt.edu,Windows
4087,usr552@gt.edu,Windows
4088,usr552@gt.edu,Windows
4089,usr552@gt.edu,Windows
4095,usr553@gt.edu,macOS
4097,usr553@gt.edu,Windows
4098,usr553@gt.edu,Windows
4101,usr554@gt.edu,Linux
4102,usr554@gt.edu,macOS
4104,usr554@gt.edu,Windows
4109,usr555@gt.edu,Windows
4113,usr555@gt.edu,Windows
4114,usr555@gt.edu,macOS
4115,usr555@gt.edu,macOS
4118,usr555@gt.edu,Windows
4119,usr556@gt.edu,Windows
4131,usr558@gt.edu,Linux
4132,usr559@gt.edu,Windows
4134,usr559@gt.edu,Windows
4137,usr559@gt.edu,macOS
4138,usr560@gt.edu,macOS
4143,usr560@gt.edu,macOS
4144,usr560@gt.edu,Windows
4145,usr561@gt.edu,Windows
4146,usr561@gt.edu,macOS
4147,usr561@gt.edu,macOS
4149,usr561@gt.edu,macOS
4151,usr562@gt.edu,macOS
4154,usr562@gt.edu,Windows
4158,usr563@gt.edu,Windows
4159,usr563@gt.edu,Windows
4162,usr563@gt.edu,Windows
4166,usr563@gt.edu,Windows
4168,usr564@gt.edu,Windows
4174,usr564@gt.edu,macOS
4182,usr565@gt.edu,Linux
4187,usr566@gt.edu,Windows
4189,usr566@gt.edu,macOS
4192,usr566@gt.edu,Linux
4193,usr566@gt.edu,macOS
4198,usr567@gt.edu,Linux
4199,usr568@gt.edu,Windows
4200,usr568@gt.edu,Windows
4201,usr568@gt.edu,macOS
4206,usr569@gt.edu,Windows
4207,usr569@gt.edu,Windows
4211,usr570@gt.edu,Linux
4212,usr570@gt.edu,Linux
4214,usr570@gt.edu,macOS
4215,usr570@gt.edu,macOS
4216,usr570@gt.edu,Windows
4220,usr570@gt.edu,Windows
4221,usr570@gt.edu,Windows
4222,usr571@gt.edu,Windows
4223,usr571@gt.edu,Windows
4229,usr572@gt.edu,Windows
4231,usr572@gt.edu,Windows
4232,usr572@gt.edu,Windows
4235,usr572@gt.edu,Windows
4238,usr573@gt.edu,Linux
4239,usr573@gt.edu,Windows
4240,usr573@gt.edu,Windows
4245,usr573@gt.edu,Windows
4246,usr573@gt.edu,Windows
4252,usr574@gt.edu,Windows
4254,usr575@gt.edu,Windows
4255,usr575@gt.edu,macOS
4257,usr575@gt.edu,Windows
4260,usr575@gt.edu,Windows
4261,usr575@gt.edu,macOS
4264,usr576@gt.edu,Windows
4266,usr576@gt.edu,Windows
4269,usr577@gt.edu,macOS
4273,usr578@gt.edu,Windows
4274,usr578@gt.edu,macOS
4275,usr578@gt.edu,macOS
4276,usr578@gt.edu,Windows
4278,usr578@gt.edu,Windows
4279,usr578@gt.edu,Windows
4281,usr579@gt.edu,Windows
4282,usr579@gt.edu,Linux
4283,usr579@gt.edu,macOS
4289,usr579@gt.edu,macOS
4292,usr579@gt.edu,Windows
4294,usr580@gt.edu,macOS
4296,usr581@gt.edu,Windows
4301,usr582@gt.edu,macOS
4302,usr582@gt.edu,macOS
4305,usr583@gt.edu,Windows
4309,usr583@gt.edu,macOS
4311,usr583@gt.edu,macOS
4312,usr583@gt.edu,Windows
4317,usr584@gt.edu,Windows
4323,usr585@gt.edu,Windows
4324,usr585@gt.edu,Windows
4325,usr585@gt.edu,Linux
4328,usr585@gt.edu,Windows
4332,usr586@gt.edu,Windows
4335,usr586@gt.edu,Windows
4336,usr586@gt.edu,macOS
4339,usr587@gt.edu,Windows
4341,usr587@gt.edu,macOS
4344,usr588@gt.edu,Windows
4347,usr588@gt.edu,Windows
4348,usr588@gt.edu,Windows
4349,usr589@gt.edu,Windows
4352,usr589@gt.edu,macOS
4353,usr589@gt.edu,Windows
4354,usr589@gt.edu,macOS
4356,usr589@gt.edu,macOS
4358,usr589@gt.edu,Windows
4359,usr589@gt.edu,Windows
4360,usr589@gt.edu,Windows
4363,usr590@gt.edu,Windows
4364,usr590@gt.edu,Windows
4365,usr590@gt.edu,Windows
4367,usr591@gt.edu,Windows
4368,usr591@gt.edu,Windows
4370,usr591@gt.edu,Windows
4373,usr592@gt.edu,Windows
4378,usr593@gt.edu,Linux
4379,usr593@gt.edu,Windows
4384,usr594@gt.edu,macOS
4386,usr594@gt.edu,Windows
4387,usr594@gt.edu,Windows
4389,usr595@gt.edu,macOS
4393,usr595@gt.edu,Windows
4394,usr595@gt.edu,Windows
4396,usr595@gt.edu,Windows
4398,usr595@gt.edu,Windows
4399,usr596@gt.edu,Windows
4404,usr596@gt.edu,Windows
4411,usr597@gt.edu,Windows
4413,usr598@gt.edu,Windows
4415,usr598@gt.edu,Windows
4417,usr599@gt.edu,macOS
4420,usr599@gt.edu,macOS
4421,usr599@gt.edu,Windows
4431,usr600@gt.edu,Windows
4432,usr601@gt.edu,macOS
4433,usr601@gt.edu,Windows
4434,usr601@gt.edu,macOS
4436,usr601@gt.edu,Windows
4438,usr601@gt.edu,Windows
4442,usr601@gt.edu,macOS
4444,usr602@gt.edu,Windows
4445,usr602@gt.edu,Windows
4447,usr603@gt.edu,Linux
4448,usr603@gt.edu,Windows
4450,usr603@gt.edu,Windows
4451,usr603@gt.edu,Linux
4452,usr603@gt.edu,Windows
4455,usr603@gt.edu,Windows
4456,usr603@gt.edu,macOS
4458,usr604@gt.edu,Windows
4460,usr604@gt.edu,macOS
4465,usr604@gt.edu,Linux
4472,usr606@gt.edu,Windows
4473,usr606@gt.edu,Linux
4477,usr607@gt.edu,Windows
4479,usr607@gt.edu,Windows
4480,usr607@gt.edu,Windows
4481,usr607@gt.edu,macOS
4482,usr607@gt.edu,Windows
4483,usr607@gt.edu,macOS
4487,usr608@gt.edu,macOS
4490,usr608@gt.edu,Windows
4491,usr608@gt.edu,Windows
4495,usr609@gt.edu,Windows
4497,usr609@gt.edu,macOS
4502,usr611@gt.edu,Windows
4505,usr611@gt.edu,Linux
4506,usr611@gt.edu,Windows
4507,usr611@gt.edu,Windows
4518,usr612@gt.edu,Windows
4524,usr612@gt.edu,Windows
4527,usr613@gt.edu,macOS
4528,usr613@gt.edu,Windows
4531,usr613@gt.edu,Windows
4532,usr613@gt.edu,macOS
4533,usr613@gt.edu,macOS
4534,usr613@gt.edu,Windows
4535,usr613@gt.edu,macOS
4538,usr614@gt.edu,macOS
4539,usr615@gt.edu,Windows
4543,usr615@gt.edu,macOS
4545,usr615@gt.edu,macOS
4548,usr615@gt.edu,Windows
4552,usr616@gt.edu,macOS
4556,usr617@gt.edu,Windows
4558,usr617@gt.edu,Windows
4561,usr617@gt.edu,Windows
4565,usr618@gt.edu,Windows
4569,usr618@gt.edu,macOS
4571,usr618@gt.edu,Linux
4581,usr620@gt.edu,macOS
4583,usr620@gt.edu,Linux
4584,usr620@gt.edu,Windows
4585,usr620@gt.edu,macOS
4586,usr620@gt.edu,Windows
4587,usr620@gt.edu,macOS
4589,usr620@gt.edu,Windows
4590,usr621@gt.edu,Windows
4594,usr621@gt.edu,macOS
4595,usr622@gt.edu,Windows
4603,usr623@gt.edu,Linux
4605,usr624@gt.edu,macOS
4608,usr624@gt.edu,Windows
4612,usr624@gt.edu,Windows
4617,usr626@gt.edu,macOS
4620,usr626@gt.edu,Linux
4622,usr626@gt.edu,macOS
4625,usr626@gt.edu,Windows
4628,usr627@gt.edu,macOS
4631,usr627@gt.edu,Windows
4632,usr627@gt.edu,Windows
4641,usr628@gt.edu,Windows
4644,usr628@gt.edu,Windows
4647,usr629@gt.edu,Linux
4651,usr629@gt.edu,macOS
4654,usr629@gt.edu,Windows
4657,usr630@gt.edu,macOS
4658,usr630@gt.edu,macOS
4660,usr631@gt.edu,Windows
4661,usr631@gt.edu,Windows
4662,usr631@gt.edu,Windows
4669,usr632@gt.edu,macOS
4671,usr632@gt.edu,Windows
4677,usr633@gt.edu,Windows
4681,usr634@gt.edu,Windows
4684,usr634@gt.edu,macOS
4686,usr635@gt.edu,Windows
4687,usr635@gt.edu,Windows
4688,usr635@gt.edu,macOS
4693,usr636@gt.edu,macOS
4698,usr636@gt.edu,Windows
4700,usr636@gt.edu,macOS
4702,usr637@gt.edu,Windows
4704,usr637@gt.edu,macOS
4706,usr638@gt.edu,Windows
4707,usr638@gt.edu,Windows
4709,usr638@gt.edu,macOS
4710,usr638@gt.edu,Windows
4712,usr638@gt.edu,macOS
4717,usr639@gt.edu,Linux
4718,usr639@gt.edu,Windows
4721,usr639@gt.edu,Windows
4728,usr639@gt.edu,macOS
4730,usr640@gt.edu,Windows
4732,usr640@gt.edu,Windows
4736,usr640@gt.edu,Windows
4739,usr640@gt.edu,macOS
4740,usr641@gt.edu,macOS
4743,usr641@gt.edu,Windows
4751,usr643@gt.edu,Windows
4752,usr643@gt.edu,Windows
4756,usr644@gt.edu,macOS
4760,usr645@gt.edu,Windows
4767,usr645@gt.edu,Windows
4769,usr645@gt.edu,Windows
4770,usr646@gt.edu,Windows
4771,usr646@gt.edu,macOS
4773,usr646@gt.edu,Windows
4775,usr646@gt.edu,macOS
4776,usr646@gt.edu,macOS
4777,usr646@gt.edu,macOS
4779,usr646@gt.edu,Windows
4780,usr646@gt.edu,macOS
4781,usr646@gt.edu,Windows
4782,usr647@gt.edu,Windows
4784,usr647@gt.edu,Windows
4786,usr647@gt.edu,Windows
4787,usr647@gt.edu,Windows
4788,usr647@gt.edu,macOS
4790,usr648@gt.edu,Windows
4792,usr648@gt.edu,macOS
4793,usr648@gt.edu,macOS
4795,usr648@gt.edu,Windows
4799,usr648@gt.edu,Windows
4806,usr649@gt.edu,Windows
4808,usr649@gt.edu,macOS
4810,usr649@gt.edu,Windows
4812,usr650@gt.edu,Windows
4814,usr651@gt.edu,Windows
4817,usr651@gt.edu,Windows
4819,usr651@gt.edu,macOS
4820,usr651@gt.edu,Linux
4827,usr652@gt.edu,Windows
4829,usr652@gt.edu,macOS
4834,usr653@gt.edu,Windows
4836,usr653@gt.edu,macOS
4837,usr653@gt.edu,Windows
4840,usr653@gt.edu,Windows
4842,usr654@gt.edu,Windows
4844,usr654@gt.edu,Linux
4846,usr654@gt.edu,macOS
4850,usr654@gt.edu,Windows
4854,usr655@gt.edu,Windows
4856,usr655@gt.edu,macOS
4862,usr656@gt.edu,Linux
4865,usr656@gt.edu,Windows
4866,usr657@gt.edu,Windows
4868,usr657@gt.edu,Windows
4869,usr657@gt.edu,Windows
4874,usr658@gt.edu,macOS
4877,usr658@gt.edu,Windows
4880,usr659@gt.edu,Windows
4883,usr659@gt.edu,Windows
4885,usr659@gt.edu,Windows
4886,usr659@gt.edu,Windows
4888,usr659@gt.edu,macOS
4889,usr659@gt.edu,Linux
4891,usr660@gt.edu,macOS
4896,usr660@gt.edu,Windows
4902,usr661@gt.edu,macOS
4904,usr661@gt.edu,Windows
4907,usr662@gt.edu,Windows
4909,usr663@gt.edu,Linux
4911,usr663@gt.edu,Windows
4913,usr663@gt.edu,macOS
4914,usr663@gt.edu,Windows
4920,usr664@gt.edu,macOS
4921,usr665@gt.edu,Windows
4922,usr665@gt.edu,macOS
4924,usr665@gt.edu,Linux
4930,usr665@gt.edu,macOS
4932,usr665@gt.edu,macOS
4933,usr666@gt.edu,macOS
4936,usr666@gt.edu,Linux
4939,usr666@gt.edu,Windows
4942,usr666@gt.edu,Windows
4943,usr667@gt.edu,Windows
4946,usr667@gt.edu,macOS
4950,usr667@gt.edu,Windows
4951,usr668@gt.edu,macOS
4953,usr668@gt.edu,Windows
4956,usr668@gt.edu,Windows
4957,usr668@gt.edu,Windows
4963,usr670@gt.edu,macOS
4965,usr670@gt.edu,Windows
4973,usr672@gt.edu,Linux
4974,usr672@gt.edu,Windows
4976,usr672@gt.edu,Windows
4977,usr672@gt.edu,Windows
4980,usr673@gt.edu,Linux
4981,usr673@gt.edu,macOS
4982,usr673@gt.edu,Windows
4983,usr673@gt.edu,macOS
4987,usr673@gt.edu,Windows
4988,usr673@gt.edu,Windows
4989,usr674@gt.edu,Windows
4991,usr674@gt.edu,macOS
4992,usr674@gt.edu,Windows
4994,usr674@gt.edu,macOS
4995,usr674@gt.edu,Linux
5001,usr675@gt.edu,Windows
5002,usr675@gt.edu,Windows
5003,usr675@gt.edu,macOS
5007,usr676@gt.edu,Windows
5009,usr676@gt.edu,Windows
5015,usr677@gt.edu,Windows
5017,usr677@gt.edu,Windows
5018,usr677@gt.edu,Linux
5022,usr678@gt.edu,Linux
5024,usr678@gt.edu,Windows
5025,usr678@gt.edu,Windows
5027,usr678@gt.edu,Windows
5029,usr679@gt.edu,Windows
5033,usr679@gt.edu,Windows
5037,usr679@gt.edu,Windows
5038,usr679@gt.edu,Linux
5046,usr680@gt.edu,Windows
5047,usr680@gt.edu,Windows
5048,usr681@gt.edu,macOS
5050,usr681@gt.edu,macOS
5051,usr681@gt.edu,macOS
5053,usr681@gt.edu,Windows
5054,usr681@gt.edu,Windows
5057,usr682@gt.edu,Windows
5062,usr682@gt.edu,Windows
5064,usr682@gt.edu,Windows
5067,usr683@gt.edu,Windows
5070,usr683@gt.edu,Windows
5072,usr683@gt.edu,macOS
5075,usr683@gt.edu,Windows
5082,usr685@gt.edu,Windows
5085,usr685@gt.edu,macOS
5086,usr685@gt.edu,Windows
5087,usr685@gt.edu,Windows
5088,usr685@gt.edu,Windows
5100,usr687@gt.edu,macOS
5101,usr687@gt.edu,Windows
5102,usr687@gt.edu,macOS
5106,usr688@gt.edu,Windows
5108,usr688@gt.edu,Windows
5110,usr688@gt.edu,Windows
5111,usr688@gt.edu,Windows
5112,usr688@gt.edu,macOS
5115,usr688@gt.edu,Windows
5124,usr691@gt.edu,macOS
5125,usr691@gt.edu,Windows
5130,usr691@gt.edu,Windows
5131,usr692@gt.edu,Windows
5132,usr692@gt.edu,Linux
5133,usr692@gt.edu,Windows
5135,usr692@gt.edu,Windows
5138,usr692@gt.edu,macOS
5139,usr692@gt.edu,macOS
5143,usr693@gt.edu,Windows
5144,usr693@gt.edu,Windows
5145,usr693@gt.edu,macOS
5146,usr693@gt.edu,macOS
5149,usr694@gt.edu,Windows
5150,usr694@gt.edu,macOS
5151,usr695@gt.edu,Windows
5159,usr696@gt.edu,macOS
5161,usr696@gt.edu,Windows
5163,usr697@gt.edu,Windows
5164,usr697@gt.edu,Windows
5166,usr697@gt.edu,Windows
5167,usr698@gt.edu,Windows
5168,usr698@gt.edu,Windows
5173,usr698@gt.edu,Windows
5176,usr699@gt.edu,macOS
5177,usr699@gt.edu,macOS
5181,usr700@gt.edu,macOS
5182,usr700@gt.edu,Windows
5183,usr700@gt.edu,Windows
5185,usr701@gt.edu,Windows
5187,usr701@gt.edu,Windows
5192,usr702@gt.edu,macOS
5194,usr702@gt.edu,macOS
5203,usr704@gt.edu,macOS
5204,usr704@gt.edu,Windows
5206,usr705@gt.edu,macOS
5210,usr705@gt.edu,Linux
5211,usr706@gt.edu,Windows
5213,usr706@gt.edu,macOS
5215,usr706@gt.edu,Windows
5217,usr706@gt.edu,Windows
5218,usr706@gt.edu,Windows
5219,usr706@gt.edu,macOS
5222,usr707@gt.edu,Windows
5226,usr707@gt.edu,Linux
5233,usr708@gt.edu,Linux
5235,usr708@gt.edu,Linux
5237,usr708@gt.edu,macOS
5238,usr708@gt.edu,Windows
5241,usr708@gt.edu,Windows
5244,usr709@gt.edu,Windows
5245,usr709@gt.edu,Windows
5249,usr710@gt.edu,macOS
5250,usr710@gt.edu,Windows
5252,usr710@gt.edu,macOS
5253,usr710@gt.edu,macOS
5257,usr711@gt.edu,Windows
5258,usr711@gt.edu,Windows
5259,usr711@gt.edu,macOS
5264,usr712@gt.edu,Windows
5265,usr712@gt.edu,macOS
5276,usr713@gt.edu,Linux
5277,usr713@gt.edu,Windows
5280,usr713@gt.edu,Windows
5284,usr714@gt.edu,Windows
5289,usr714@gt.edu,Windows
5292,usr715@gt.edu,Windows
5294,usr715@gt.edu,macOS
5296,usr715@gt.edu,macOS
5302,usr716@gt.edu,Windows
5309,usr717@gt.edu,Windows
5310,usr717@gt.edu,macOS
5312,usr717@gt.edu,Linux
5315,usr718@gt.edu,Windows
5316,usr718@gt.edu,macOS
5320,usr719@gt.edu,macOS
5326,usr720@gt.edu,Windows
5327,usr720@gt.edu,Windows
5328,usr721@gt.edu,Windows
5329,usr721@gt.edu,Windows
5330,usr721@gt.edu,Linux
5337,usr721@gt.edu,macOS
5343,usr722@gt.edu,Linux
5350,usr723@gt.edu,macOS
5351,usr723@gt.edu,macOS
5360,usr724@gt.edu,macOS
5377,usr726@gt.edu,Windows
5379,usr726@gt.edu,Linux
5380,usr726@gt.edu,Linux
5382,usr727@gt.edu,Linux
5383,usr727@gt.edu,Windows
5384,usr727@gt.edu,Windows
5389,usr728@gt.edu,Linux
5390,usr728@gt.edu,Windows
5391,usr728@gt.edu,Windows
5392,usr728@gt.edu,Windows
5395,usr729@gt.edu,Windows
5396,usr729@gt.edu,macOS
5398,usr729@gt.edu,Windows
5399,usr729@gt.edu,Windows
5401,usr730@gt.edu,macOS
5403,usr730@gt.edu,macOS
5404,usr730@gt.edu,macOS
5406,usr730@gt.edu,Windows
5407,usr730@gt.edu,Windows
5408,usr730@gt.edu,Windows
5410,usr730@gt.edu,Linux
5412,usr731@gt.edu,Windows
5414,usr731@gt.edu,Windows
5416,usr731@gt.edu,Windows
5417,usr732@gt.edu,Linux
5420,usr732@gt.edu,macOS
5422,usr732@gt.edu,Windows
5423,usr732@gt.edu,Windows
5424,usr732@gt.edu,Windows
5427,usr732@gt.edu,macOS
5430,usr733@gt.edu,macOS
5431,usr733@gt.edu,Windows
5432,usr733@gt.edu,Windows
5436,usr733@gt.edu,Windows
5437,usr733@gt.edu,Windows
5444,usr735@gt.edu,Windows
5450,usr735@gt.edu,macOS
5452,usr735@gt.edu,Windows
5455,usr736@gt.edu,Windows
5457,usr736@gt.edu,Windows
5459,usr736@gt.edu,Windows
5464,usr737@gt.edu,macOS
5465,usr737@gt.edu,macOS
5469,usr737@gt.edu,Windows
5470,usr737@gt.edu,macOS
5471,usr738@gt.edu,Windows
5474,usr738@gt.edu,macOS
5475,usr738@gt.edu,macOS
5477,usr738@gt.edu,macOS
5478,usr738@gt.edu,Windows
5481,usr739@gt.edu,Windows
5482,usr739@gt.edu,macOS
5484,usr739@gt.edu,Windows
5489,usr739@gt.edu,Windows
5491,usr740@gt.edu,Windows
5494,usr740@gt.edu,macOS
5495,usr740@gt.edu,Linux
5506,usr741@gt.edu,Windows
5508,usr742@gt.edu,Windows
5509,usr742@gt.edu,macOS
5512,usr742@gt.edu,Windows
5514,usr742@gt.edu,macOS
5515,usr742@gt.edu,Windows
5516,usr742@gt.edu,macOS
5520,usr743@gt.edu,macOS
5526,usr744@gt.edu,Windows
5527,usr744@gt.edu,Windows
5528,usr744@gt.edu,Windows
5530,usr744@gt.edu,Windows
5535,usr745@gt.edu,Windows
5537,usr745@gt.edu,Windows
5538,usr745@gt.edu,Windows
5542,usr746@gt.edu,Windows
5546,usr746@gt.edu,Windows
5547,usr747@gt.edu,macOS
5553,usr748@gt.edu,macOS
5554,usr748@gt.edu,Windows
5555,usr748@gt.edu,Windows
5557,usr748@gt.edu,Linux
5558,usr748@gt.edu,Linux
5559,usr748@gt.edu,macOS
5564,usr749@gt.edu,Windows
5567,usr749@gt.edu,macOS
5568,usr749@gt.edu,macOS
5571,usr750@gt.edu,Windows
5579,usr751@gt.edu,Windows
5582,usr751@gt.edu,macOS
5583,usr751@gt.edu,Linux
5584,usr751@gt.edu,Windows
5587,usr752@gt.edu,Linux
5591,usr752@gt.edu,macOS
5592,usr752@gt.edu,Windows
5594,usr753@gt.edu,macOS
5595,usr753@gt.edu,Windows
5598,usr753@gt.edu,Windows
5599,usr753@gt.edu,Windows
5602,usr753@gt.edu,Windows
5603,usr753@gt.edu,Windows
5610,usr754@gt.edu,macOS
5611,usr754@gt.edu,Linux
5612,usr754@gt.edu,Windows
5614,usr755@gt.edu,macOS
5616,usr755@gt.edu,Windows
5624,usr756@gt.edu,Windows
5626,usr756@gt.edu,macOS
5630,usr757@gt.edu,macOS
5632,usr757@gt.edu,macOS
5634,usr757@gt.edu,Linux
5637,usr757@gt.edu,Windows
5640,usr758@gt.edu,macOS
5643,usr758@gt.edu,Windows
5646,usr758@gt.edu,macOS
5647,usr758@gt.edu,Linux
5649,usr759@gt.edu,Linux
5652,usr759@gt.edu,Windows
5653,usr759@gt.edu,macOS
5656,usr759@gt.edu,macOS
5661,usr761@gt.edu,Windows
5663,usr761@gt.edu,macOS
5664,usr761@gt.edu,Windows
5668,usr762@gt.edu,macOS
5669,usr762@gt.edu,Linux
5670,usr762@gt.edu,Linux
5675,usr762@gt.edu,macOS
5677,usr763@gt.edu,macOS
5680,usr764@gt.edu,Windows
5681,usr764@gt.edu,Windows
5682,usr764@gt.edu,Linux
5688,usr765@gt.edu,Windows
5693,usr765@gt.edu,macOS
5694,usr766@gt.edu,macOS
5697,usr766@gt.edu,macOS
5703,usr767@gt.edu,Windows
5704,usr767@gt.edu,Windows
5707,usr767@gt.edu,Windows
5712,usr768@gt.edu,Windows
5713,usr768@gt.edu,Windows
5714,usr769@gt.edu,macOS
5717,usr769@gt.edu,macOS
5721,usr769@gt.edu,macOS
5731,usr771@gt.edu,Linux
5734,usr771@gt.edu,Linux
5736,usr771@gt.edu,Windows
5738,usr771@gt.edu,macOS
5743,usr772@gt.edu,Windows
5746,usr772@gt.edu,Windows
5750,usr772@gt.edu,Linux
5752,usr773@gt.edu,Windows
5762,usr774@gt.edu,macOS
5767,usr776@gt.edu,Windows
5771,usr776@gt.edu,macOS
5773,usr776@gt.edu,Linux
5774,usr776@gt.edu,macOS
5776,usr776@gt.edu,macOS
5777,usr776@gt.edu,Windows
5778,usr777@gt.edu,Windows
5781,usr777@gt.edu,Windows
5786,usr777@gt.edu,Windows
5787,usr777@gt.edu,Windows
5788,usr777@gt.edu,Windows
5789,usr778@gt.edu,Windows
5790,usr778@gt.edu,macOS
5791,usr778@gt.edu,macOS
5792,usr778@gt.edu,Windows
5794,usr778@gt.edu,Windows
5797,usr779@gt.edu,Windows
5800,usr779@gt.edu,macOS
5802,usr779@gt.edu,Windows
5803,usr779@gt.edu,Windows
5805,usr780@gt.edu,macOS
5809,usr780@gt.edu,Windows
5812,usr780@gt.edu,macOS
5814,usr780@gt.edu,Windows
5817,usr781@gt.edu,macOS
5820,usr781@gt.edu,Windows
5833,usr782@gt.edu,Linux
5835,usr783@gt.edu,macOS
5841,usr784@gt.edu,Windows
5843,usr784@gt.edu,Windows
5848,usr785@gt.edu,Windows
5852,usr785@gt.edu,Windows
5857,usr786@gt.edu,Windows
5858,usr787@gt.edu,Windows
5861,usr787@gt.edu,Linux
5864,usr788@gt.edu,macOS
5868,usr789@gt.edu,Windows
5871,usr789@gt.edu,Windows
5874,usr790@gt.edu,Windows
5881,usr790@gt.edu,Windows
5883,usr790@gt.edu,Windows
5884,usr791@gt.edu,Windows
5887,usr791@gt.edu,Windows
5889,usr791@gt.edu,Windows
5891,usr792@gt.edu,Windows
5892,usr792@gt.edu,Windows
5893,usr792@gt.edu,Windows
5894,usr792@gt.edu,Windows
5895,usr792@gt.edu,Windows
5896,usr792@gt.edu,macOS
5897,usr792@gt.edu,Windows
5901,usr793@gt.edu,macOS
5905,usr793@gt.edu,Windows
5906,usr793@gt.edu,macOS
5909,usr794@gt.edu,Windows
5910,usr794@gt.edu,Windows
5912,usr794@gt.edu,macOS
5913,usr794@gt.edu,Linux
5914,usr794@gt.edu,Windows
5915,usr795@gt.edu,Windows
5917,usr795@gt.edu,macOS
5919,usr796@gt.edu,Windows
5921,usr796@gt.edu,Linux
5923,usr796@gt.edu,Windows
5925,usr796@gt.edu,macOS
5927,usr796@gt.edu,Linux
5930,usr797@gt.edu,Windows
5931,usr797@gt.edu,macOS
5933,usr797@gt.edu,Linux
5935,usr797@gt.edu,Windows
5937,usr797@gt.edu,macOS
5938,usr797@gt.edu,Windows
5944,usr798@gt.edu,Linux
5945,usr799@gt.edu,macOS
5950,usr800@gt.edu,Windows
5951,usr800@gt.edu,Windows
5952,usr800@gt.edu,Linux
5954,usr800@gt.edu,Linux
5958,usr801@gt.edu,Windows
5959,usr802@gt.edu,Windows
5964,usr802@gt.edu,Windows
5967,usr802@gt.edu,macOS
5970,usr802@gt.edu,Windows
5971,usr803@gt.edu,Windows
5976,usr803@gt.edu,Windows
5978,usr803@gt.edu,Windows
5980,usr803@gt.edu,Windows
5983,usr804@gt.edu,macOS
5984,usr804@gt.edu,macOS
5986,usr804@gt.edu,Linux
5987,usr804@gt.edu,Windows
5990,usr804@gt.edu,Windows
5996,usr805@gt.edu,macOS
5998,usr805@gt.edu,Windows
5999,usr806@gt.edu,macOS
6002,usr806@gt.edu,Windows
6010,usr807@gt.edu,Windows
6012,usr807@gt.edu,Linux
6018,usr808@gt.edu,Windows
6019,usr808@gt.edu,Windows
6023,usr809@gt.edu,Windows
6031,usr811@gt.edu,macOS
6032,usr811@gt.edu,macOS
6034,usr811@gt.edu,macOS
6036,usr811@gt.edu,Windows
6038,usr811@gt.edu,Windows
6039,usr811@gt.edu,Windows
6040,usr811@gt.edu,Windows
6042,usr811@gt.edu,macOS
6044,usr812@gt.edu,Linux
6047,usr812@gt.edu,macOS
6055,usr813@gt.edu,Windows
6057,usr813@gt.edu,Windows
6065,usr814@gt.edu,macOS
6066,usr814@gt.edu,macOS
6069,usr815@gt.edu,Linux
6070,usr815@gt.edu,Windows
6071,usr815@gt.edu,macOS
6073,usr815@gt.edu,macOS
6075,usr816@gt.edu,Windows
6077,usr816@gt.edu,Windows
6080,usr816@gt.edu,macOS
6082,usr817@gt.edu,Windows
6084,usr818@gt.edu,Windows
6085,usr818@gt.edu,Windows
6091,usr818@gt.edu,Windows
6092,usr818@gt.edu,Windows
6093,usr818@gt.edu,macOS
6100,usr819@gt.edu,macOS
6101,usr819@gt.edu,macOS
6105,usr820@gt.edu,Windows
6107,usr820@gt.edu,Windows
6113,usr822@gt.edu,Windows
6116,usr822@gt.edu,Windows
6118,usr822@gt.edu,Windows
6121,usr823@gt.edu,Linux
6122,usr823@gt.edu,Windows
6123,usr823@gt.edu,Linux
6126,usr823@gt.edu,Windows
6132,usr824@gt.edu,macOS
6134,usr824@gt.edu,Linux
6137,usr825@gt.edu,Windows
6138,usr825@gt.edu,macOS
6139,usr825@gt.edu,Windows
6140,usr825@gt.edu,Windows
6141,usr826@gt.edu,Windows
6142,usr826@gt.edu,Windows
6144,usr826@gt.edu,Windows
6147,usr826@gt.edu,Windows
6153,usr827@gt.edu,Windows
6161,usr827@gt.edu,Windows
6162,usr827@gt.edu,Windows
6163,usr827@gt.edu,Windows
6165,usr828@gt.edu,Windows
6166,usr828@gt.edu,macOS
6167,usr828@gt.edu,Linux
6169,usr828@gt.edu,Windows
6170,usr828@gt.edu,macOS
6171,usr828@gt.edu,Windows
6172,usr829@gt.edu,macOS
6173,usr829@gt.edu,macOS
6174,usr829@gt.edu,Windows
6176,usr829@gt.edu,macOS
6177,usr829@gt.edu,Windows
6178,usr829@gt.edu,macOS
6184,usr830@gt.edu,macOS
6185,usr830@gt.edu,Windows
6186,usr830@gt.edu,macOS
6187,usr831@gt.edu,Linux
6189,usr831@gt.edu,macOS
6192,usr831@gt.edu,Windows
6196,usr832@gt.edu,Windows
6199,usr832@gt.edu,Windows
6202,usr833@gt.edu,Windows
6203,usr833@gt.edu,Linux
6208,usr834@gt.edu,Linux
6212,usr835@gt.edu,macOS
6215,usr835@gt.edu,macOS
6218,usr835@gt.edu,Windows
6220,usr835@gt.edu,macOS
6224,usr836@gt.edu,macOS
6229,usr836@gt.edu,Windows
6231,usr837@gt.edu,macOS
6238,usr838@gt.edu,macOS
6240,usr838@gt.edu,Windows
6241,usr838@gt.edu,Windows
6242,usr838@gt.edu,macOS
6247,usr840@gt.edu,Windows
6248,usr840@gt.edu,Windows
6252,usr840@gt.edu,Linux
6256,usr841@gt.edu,macOS
6258,usr841@gt.edu,Windows
6262,usr841@gt.edu,Windows
6267,usr842@gt.edu,Windows
6269,usr842@gt.edu,Windows
6271,usr842@gt.edu,Windows
6273,usr843@gt.edu,macOS
6274,usr843@gt.edu,macOS
6276,usr843@gt.edu,macOS
6277,usr843@gt.edu,macOS
6279,usr843@gt.edu,macOS
6282,usr844@gt.edu,macOS
6284,usr844@gt.edu,Linux
6289,usr845@gt.edu,Windows
6290,usr845@gt.edu,Windows
6297,usr846@gt.edu,Windows
6298,usr847@gt.edu,macOS
6299,usr847@gt.edu,macOS
6301,usr848@gt.edu,macOS
6302,usr848@gt.edu,Linux
6303,usr848@gt.edu,macOS
6304,usr848@gt.edu,Windows
6305,usr848@gt.edu,Windows
6307,usr849@gt.edu,Windows
6309,usr849@gt.edu,Windows
6310,usr849@gt.edu,Windows
6311,usr850@gt.edu,Windows
6314,usr850@gt.edu,Windows
6318,usr850@gt.edu,macOS
6321,usr851@gt.edu,Windows
6326,usr851@gt.edu,macOS
6336,usr853@gt.edu,Windows
6339,usr853@gt.edu,Windows
6342,usr853@gt.edu,Linux
6343,usr853@gt.edu,macOS
6344,usr853@gt.edu,macOS
6349,usr854@gt.edu,Windows
6354,usr855@gt.edu,Windows
6357,usr855@gt.edu,Windows
6358,usr855@gt.edu,Windows
6360,usr856@gt.edu,Windows
6364,usr856@gt.edu,macOS
6365,usr856@gt.edu,Windows
6373,usr858@gt.edu,macOS
6375,usr858@gt.edu,macOS
6376,usr858@gt.edu,Windows
6377,usr858@gt.edu,Windows
6379,usr858@gt.edu,Windows
6382,usr859@gt.edu,macOS
6384,usr859@gt.edu,Windows
6392,usr861@gt.edu,Windows
6394,usr862@gt.edu,Linux
6402,usr862@gt.edu,Windows
6404,usr862@gt.edu,Windows
6405,usr863@gt.edu,Windows
6408,usr863@gt.edu,Linux
6409,usr863@gt.edu,Linux
6412,usr864@gt.edu,Linux
6414,usr864@gt.edu,macOS
6416,usr865@gt.edu,Windows
6419,usr865@gt.edu,macOS
6422,usr865@gt.edu,macOS
6429,usr867@gt.edu,Windows
6430,usr867@gt.edu,Windows
6431,usr867@gt.edu,macOS
6441,usr868@gt.edu,macOS
6442,usr868@gt.edu,Windows
6448,usr870@gt.edu,Windows
6450,usr870@gt.edu,Windows
6451,usr870@gt.edu,macOS
6452,usr870@gt.edu,macOS
6453,usr870@gt.edu,macOS
6455,usr870@gt.edu,Windows
6457,usr871@gt.edu,Windows
6460,usr871@gt.edu,Windows
6463,usr872@gt.edu,macOS
6466,usr872@gt.edu,Linux
6468,usr872@gt.edu,Windows
6469,usr873@gt.edu,Windows
6473,usr873@gt.edu,macOS
6480,usr874@gt.edu,macOS
6481,usr874@gt.edu,macOS
6482,usr874@gt.edu,Windows
6483,usr874@gt.edu,Linux
6485,usr875@gt.edu,macOS
6487,usr875@gt.edu,macOS
6490,usr876@gt.edu,Windows
6492,usr876@gt.edu,macOS
6495,usr876@gt.edu,Windows
6496,usr876@gt.edu,Windows
6498,usr876@gt.edu,Windows
6501,usr877@gt.edu,Linux
6503,usr877@gt.edu,Windows
6508,usr877@gt.edu,Windows
6509,usr877@gt.edu,Windows
6510,usr877@gt.edu,Linux
6511,usr877@gt.edu,Linux
6520,usr879@gt.edu,macOS
6522,usr879@gt.edu,Windows
6527,usr880@gt.edu,Windows
6528,usr880@gt.edu,Windows
6530,usr881@gt.edu,Windows
6532,usr881@gt.edu,Linux
6534,usr881@gt.edu,Windows
6535,usr881@gt.edu,macOS
6537,usr881@gt.edu,Linux
6538,usr881@gt.edu,Windows
6543,usr882@gt.edu,macOS
6546,usr882@gt.edu,macOS
6547,usr882@gt.edu,Linux
6548,usr882@gt.edu,Windows
6549,usr882@gt.edu,Windows
6551,usr882@gt.edu,Windows
6552,usr883@gt.edu,macOS
6553,usr883@gt.edu,Windows
6555,usr883@gt.edu,macOS
6566,usr885@gt.edu,macOS
6569,usr885@gt.edu,Windows
6574,usr886@gt.edu,Windows
6577,usr887@gt.edu,Windows
6581,usr887@gt.edu,Linux
6584,usr887@gt.edu,Windows
6586,usr887@gt.edu,macOS
6590,usr888@gt.edu,Windows
6594,usr889@gt.edu,Linux
6596,usr889@gt.edu,Windows
6605,usr890@gt.edu,Linux
6609,usr891@gt.edu,macOS
6610,usr891@gt.edu,Windows
6611,usr891@gt.edu,Windows
6612,usr891@gt.edu,Windows
6613,usr891@gt.edu,Linux
6614,usr891@gt.edu,Windows
6615,usr891@gt.edu,Linux
6617,usr892@gt.edu,macOS
6619,usr893@gt.edu,Windows
6621,usr893@gt.edu,Windows
6623,usr893@gt.edu,Linux
6624,usr893@gt.edu,Windows
6632,usr895@gt.edu,Windows
6641,usr895@gt.edu,macOS
6643,usr896@gt.edu,Windows
6646,usr897@gt.edu,Windows
6647,usr897@gt.edu,macOS
6649,usr897@gt.edu,Windows
6653,usr898@gt.edu,macOS
6655,usr898@gt.edu,macOS
6660,usr898@gt.edu,Linux
6661,usr898@gt.edu,macOS
6663,usr899@gt.edu,Windows
6679,usr900@gt.edu,Windows
6689,usr901@gt.edu,macOS
6690,usr901@gt.edu,Linux
6693,usr902@gt.edu,macOS
6695,usr902@gt.edu,Windows
6696,usr902@gt.edu,macOS
6699,usr902@gt.edu,Windows
6704,usr903@gt.edu,Windows
6708,usr904@gt.edu,Windows
6709,usr904@gt.edu,Windows
6711,usr904@gt.edu,Linux
6712,usr904@gt.edu,macOS
6714,usr904@gt.edu,Windows
6716,usr905@gt.edu,Windows
6717,usr905@gt.edu,Windows
6719,usr905@gt.edu,Windows
6721,usr905@gt.edu,Windows
6723,usr905@gt.edu,Windows
6724,usr905@gt.edu,macOS
6730,usr907@gt.edu,Windows
6733,usr907@gt.edu,Windows
6736,usr907@gt.edu,macOS
6740,usr908@gt.edu,Windows
6742,usr908@gt.edu,Linux
6743,usr909@gt.edu,Windows
6744,usr909@gt.edu,Windows
6748,usr910@gt.edu,macOS
6751,usr910@gt.edu,Windows
6757,usr910@gt.edu,Windows
6767,usr913@gt.edu,Linux
6769,usr914@gt.edu,macOS
6771,usr914@gt.edu,Windows
6772,usr914@gt.edu,Windows
6773,usr914@gt.edu,Windows
6776,usr915@gt.edu,macOS
6778,usr915@gt.edu,macOS
6780,usr916@gt.edu,macOS
6781,usr916@gt.edu,Windows
6782,usr916@gt.edu,Windows
6783,usr916@gt.edu,Windows
6792,usr917@gt.edu,Linux
6795,usr918@gt.edu,Windows
6798,usr919@gt.edu,Windows
6800,usr919@gt.edu,macOS
6803,usr919@gt.edu,Linux
6804,usr919@gt.edu,macOS
6810,usr920@gt.edu,Windows
6811,usr920@gt.edu,Windows
6812,usr920@gt.edu,Windows
6813,usr921@gt.edu,Windows
6814,usr921@gt.edu,Windows
6817,usr921@gt.edu,Windows
6820,usr922@gt.edu,macOS
6822,usr922@gt.edu,Windows
6824,usr922@gt.edu,Linux
6827,usr923@gt.edu,Windows
6828,usr923@gt.edu,Windows
6829,usr923@gt.edu,Windows
6832,usr924@gt.edu,Windows
6833,usr924@gt.edu,Windows
6835,usr924@gt.edu,Windows
6837,usr924@gt.edu,Windows
6838,usr924@gt.edu,Windows
6841,usr925@gt.edu,Windows
6845,usr925@gt.edu,macOS
6850,usr926@gt.edu,Linux
6860,usr927@gt.edu,Windows
6862,usr927@gt.edu,Windows
6863,usr927@gt.edu,Windows
6864,usr927@gt.edu,macOS
6865,usr927@gt.edu,Linux
6866,usr927@gt.edu,Linux
6871,usr928@gt.edu,Windows
6872,usr928@gt.edu,Windows
6873,usr928@gt.edu,macOS
6874,usr928@gt.edu,Linux
6876,usr928@gt.edu,macOS
6880,usr929@gt.edu,Windows
6882,usr929@gt.edu,Windows
6883,usr929@gt.edu,Windows
6888,usr930@gt.edu,Windows
6889,usr930@gt.edu,Linux
6895,usr930@gt.edu,Windows
6896,usr930@gt.edu,Linux
6898,usr930@gt.edu,Windows
6902,usr931@gt.edu,Windows
6903,usr932@gt.edu,Windows
6907,usr932@gt.edu,Windows
6910,usr932@gt.edu,Windows
6912,usr933@gt.edu,Linux
6915,usr933@gt.edu,macOS
6918,usr934@gt.edu,Linux
6921,usr934@gt.edu,Windows
6924,usr934@gt.edu,Windows
6927,usr935@gt.edu,macOS
6930,usr935@gt.edu,Windows
6934,usr936@gt.edu,Windows
6940,usr937@gt.edu,Windows
6942,usr937@gt.edu,Windows
6944,usr937@gt.edu,Windows
6949,usr938@gt.edu,macOS
6951,usr938@gt.edu,macOS
6952,usr938@gt.edu,Windows
6954,usr938@gt.edu,Windows
6958,usr939@gt.edu,Windows
6959,usr939@gt.edu,Windows
6960,usr939@gt.edu,Windows
6961,usr939@gt.edu,Windows
6965,usr940@gt.edu,Windows
6966,usr940@gt.edu,Linux
6969,usr940@gt.edu,Windows
6976,usr941@gt.edu,Windows
6978,usr941@gt.edu,Windows
6983,usr942@gt.edu,Linux
6984,usr942@gt.edu,Windows
6985,usr942@gt.edu,Windows
6986,usr942@gt.edu,macOS
6988,usr942@gt.edu,macOS
6992,usr943@gt.edu,Linux
6993,usr944@gt.edu,macOS
6996,usr944@gt.edu,Windows
6997,usr944@gt.edu,macOS
6999,usr944@gt.edu,macOS
7002,usr945@gt.edu,Windows
7003,usr945@gt.edu,Windows
7008,usr945@gt.edu,Windows
7010,usr946@gt.edu,Windows
7017,usr946@gt.edu,Windows
7024,usr947@gt.edu,Windows
7027,usr947@gt.edu,Windows
7029,usr947@gt.edu,macOS
7034,usr948@gt.edu,macOS
7041,usr948@gt.edu,Windows
7043,usr949@gt.edu,Windows
7048,usr949@gt.edu,Windows
7049,usr949@gt.edu,Windows
7053,usr950@gt.edu,Windows
7056,usr950@gt.edu,Linux
7058,usr950@gt.edu,Windows
7060,usr951@gt.edu,Windows
7062,usr951@gt.edu,Windows
7063,usr951@gt.edu,macOS
7065,usr951@gt.edu,Windows
7068,usr952@gt.edu,macOS
7069,usr952@gt.edu,macOS
7072,usr952@gt.edu,Windows
7073,usr952@gt.edu,Windows
7075,usr952@gt.edu,Windows
7079,usr953@gt.edu,Windows
7080,usr953@gt.edu,Windows
7081,usr953@gt.edu,Windows
7086,usr954@gt.edu,macOS
7087,usr954@gt.edu,Windows
7095,usr955@gt.edu,Windows
7104,usr958@gt.edu,Windows
7105,usr958@gt.edu,Windows
7106,usr958@gt.edu,Windows
7107,usr958@gt.edu,Windows
7111,usr959@gt.edu,Windows
7113,usr959@gt.edu,Linux
7115,usr959@gt.edu,Windows
7117,usr960@gt.edu,Windows
7119,usr960@gt.edu,Windows
7123,usr960@gt.edu,macOS
7125,usr960@gt.edu,Windows
7130,usr961@gt.edu,Windows
7133,usr961@gt.edu,macOS
7134,usr961@gt.edu,Windows
7138,usr962@gt.edu,macOS
7139,usr962@gt.edu,Windows
7142,usr962@gt.edu,Windows
7144,usr962@gt.edu,Windows
7148,usr963@gt.edu,Linux
7153,usr964@gt.edu,Windows
7155,usr964@gt.edu,Windows
7156,usr964@gt.edu,macOS
7158,usr964@gt.edu,Windows
7159,usr964@gt.edu,Windows
7166,usr965@gt.edu,Windows
7170,usr966@gt.edu,Windows
7172,usr966@gt.edu,macOS
7173,usr966@gt.edu,Windows
7177,usr967@gt.edu,Windows
7179,usr967@gt.edu,macOS
7183,usr968@gt.edu,Windows
7184,usr968@gt.edu,Windows
7185,usr968@gt.edu,macOS
7187,usr969@gt.edu,Linux
7188,usr969@gt.edu,Windows
7191,usr970@gt.edu,Windows
7192,usr970@gt.edu,macOS
7193,usr971@gt.edu,Windows
7196,usr971@gt.edu,Windows
7198,usr971@gt.edu,macOS
7201,usr972@gt.edu,macOS
7207,usr972@gt.edu,Linux
7212,usr972@gt.edu,Windows
7216,usr973@gt.edu,Linux
7223,usr974@gt.edu,Windows
7230,usr975@gt.edu,Linux
7234,usr976@gt.edu,Windows
7238,usr977@gt.edu,Windows
7241,usr977@gt.edu,Windows
7242,usr977@gt.edu,Windows
7243,usr977@gt.edu,Windows
7246,usr977@gt.edu,macOS
7247,usr977@gt.edu,Windows
7249,usr978@gt.edu,macOS
7252,usr979@gt.edu,macOS
7257,usr979@gt.edu,macOS
7258,usr979@gt.edu,Windows
7260,usr979@gt.edu,macOS
7262,usr980@gt.edu,Windows
7263,usr980@gt.edu,Windows
7266,usr980@gt.edu,Windows
7267,usr980@gt.edu,macOS
7268,usr980@gt.edu,Windows
7269,usr980@gt.edu,Windows
7271,usr980@gt.edu,Linux
7273,usr981@gt.edu,Linux
7274,usr981@gt.edu,Windows
7278,usr981@gt.edu,macOS
7280,usr981@gt.edu,Windows
7281,usr981@gt.edu,macOS
7282,usr981@gt.edu,Windows
7283,usr981@gt.edu,Windows
7285,usr982@gt.edu,macOS
7287,usr982@gt.edu,macOS
7289,usr982@gt.edu,Windows
7290,usr982@gt.edu,Linux
7291,usr982@gt.edu,macOS
7292,usr983@gt.edu,macOS
7296,usr983@gt.edu,Windows
7300,usr985@gt.edu,Windows
7302,usr985@gt.edu,Windows
7304,usr985@gt.edu,Windows
7313,usr986@gt.edu,Windows
7316,usr986@gt.edu,Windows
7324,usr987@gt.edu,macOS
7326,usr987@gt.edu,Windows
7327,usr987@gt.edu,Windows
7331,usr988@gt.edu,macOS
7334,usr989@gt.edu,Windows
7336,usr989@gt.edu,macOS
7337,usr989@gt.edu,Windows
7338,usr989@gt.edu,Windows
7339,usr989@gt.edu,Windows
7343,usr989@gt.edu,macOS
7346,usr990@gt.edu,macOS
7347,usr990@gt.edu,Windows
7351,usr991@gt.edu,Windows
7356,usr991@gt.edu,Windows
7361,usr992@gt.edu,Linux
7367,usr993@gt.edu,macOS
7368,usr993@gt.edu,Windows
7369,usr993@gt.edu,Windows
7371,usr994@gt.edu,Windows
7373,usr994@gt.edu,Windows
7376,usr994@gt.edu,Windows
7377,usr994@gt.edu,Windows
7384,usr995@gt.edu,Windows
7386,usr995@gt.edu,Windows
7398,usr997@gt.edu,macOS
7401,usr998@gt.edu,Windows
7402,usr998@gt.edu,Linux
7404,usr998@gt.edu,Windows
7418,usr999@gt.edu,Windows