item_number,email,card_count
3,usr001@gt.edu,86
15,usr004@gt.edu,757
17,usr004@gt.edu,648
29,usr006@gt.edu,408
41,usr007@gt.edu,423
46,usr008@gt.edu,131
56,usr008@gt.edu,578
59,usr009@gt.edu,246
78,usr011@gt.edu,163
79,usr011@gt.edu,500
83,usr011@gt.edu,144
102,usr014@gt.edu,718
112,usr015@gt.edu,278
117,usr016@gt.edu,699
119,usr016@gt.edu,188
128,usr018@gt.edu,718
136,usr019@gt.edu,123
137,usr019@gt.edu,468
140,usr020@gt.edu,646
143,usr021@gt.edu,699
144,usr021@gt.edu,36
151,usr022@gt.edu,231
155,usr023@gt.edu,571
177,usr026@gt.edu,86
179,usr026@gt.edu,341
181,usr027@gt.edu,387
194,usr029@gt.edu,110
195,usr029@gt.edu,347
201,usr030@gt.edu,629
202,usr030@gt.edu,542
205,usr030@gt.edu,175
218,usr031@gt.edu,212
219,usr032@gt.edu,341
221,usr032@gt.edu,206
225,usr033@gt.edu,123
227,usr034@gt.edu,268
229,usr034@gt.edu,145
231,usr035@gt.edu,411
234,usr035@gt.edu,751
238,usr035@gt.edu,664
240,usr035@gt.edu,163
242,usr036@gt.edu,36
247,usr036@gt.edu,245
255,usr038@gt.edu,403
256,usr038@gt.edu,585
262,usr038@gt.edu,27
267,usr039@gt.edu,241
268,usr039@gt.edu,282
272,usr039@gt.edu,657
278,usr040@gt.edu,500
280,usr040@gt.edu,599
298,usr043@gt.edu,212
299,usr043@gt.edu,144
308,usr044@gt.edu,706
309,usr044@gt.edu,734
310,usr044@gt.edu,80
315,usr045@gt.edu,313
322,usr046@gt.edu,202
324,usr047@gt.edu,278
344,usr049@gt.edu,583
348,usr049@gt.edu,160
355,usr050@gt.edu,211
358,usr050@gt.edu,194
359,usr050@gt.edu,140
363,usr051@gt.edu,282
371,usr052@gt.edu,266
372,usr052@gt.edu,433
373,usr052@gt.edu,42
407,usr056@gt.edu,249
417,usr057@gt.edu,177
420,usr057@gt.edu,724
424,usr058@gt.edu,733
426,usr058@gt.edu,718
427,usr058@gt.edu,242
440,usr060@gt.edu,595
451,usr061@gt.edu,147
456,usr062@gt.edu,681
461,usr063@gt.edu,142
465,usr063@gt.edu,606
471,usr064@gt.edu,583
473,usr065@gt.edu,751
477,usr065@gt.edu,140
482,usr066@gt.edu,606
483,usr066@gt.edu,121
486,usr066@gt.edu,369
489,usr067@gt.edu,493
490,usr067@gt.edu,646
491,usr067@gt.edu,757
492,usr067@gt.edu,497
493,usr067@gt.edu,258
495,usr067@gt.edu,674
498,usr067@gt.edu,165
507,usr069@gt.edu,258
508,usr069@gt.edu,745
512,usr069@gt.edu,166
514,usr069@gt.edu,314
524,usr072@gt.edu,610
534,usr074@gt.edu,169
535,usr074@gt.edu,86
536,usr074@gt.edu,310
538,usr075@gt.edu,10
540,usr075@gt.edu,259
541,usr075@gt.edu,745
543,usr076@gt.edu,610
549,usr076@gt.edu,121
560,usr078@gt.edu,495
564,usr079@gt.edu,177
568,usr079@gt.edu,10
574,usr080@gt.edu,245
585,usr081@gt.edu,63
589,usr081@gt.edu,121
594,usr081@gt.edu,317
596,usr082@gt.edu,513
610,usr083@gt.edu,648
617,usr084@gt.edu,706
620,usr084@gt.edu,268
624,usr085@gt.edu,369
626,usr085@gt.edu,709
628,usr085@gt.edu,72
630,usr085@gt.edu,318
634,usr086@gt.edu,717
643,usr087@gt.edu,163
644,usr087@gt.edu,234
646,usr087@gt.edu,415
647,usr087@gt.edu,693
652,usr088@gt.edu,369
659,usr088@gt.edu,405
667,usr089@gt.edu,657
672,usr090@gt.edu,242
676,usr090@gt.edu,225
679,usr090@gt.edu,681
680,usr090@gt.edu,313
683,usr091@gt.edu,242
702,usr093@gt.edu,110
705,usr093@gt.edu,147
707,usr093@gt.edu,334
717,usr094@gt.edu,108
722,usr095@gt.edu,21
732,usr096@gt.edu,497
738,usr097@gt.edu,433
745,usr097@gt.edu,206
748,usr098@gt.edu,438
754,usr098@gt.edu,212
762,usr100@gt.edu,693
777,usr102@gt.edu,83
784,usr103@gt.edu,178
787,usr104@gt.edu,401
793,usr104@gt.edu,282
796,usr105@gt.edu,145
798,usr105@gt.edu,166
803,usr106@gt.edu,669
810,usr108@gt.edu,595
811,usr108@gt.edu,236
813,usr108@gt.edu,83
821,usr109@gt.edu,423
823,usr109@gt.edu,526
831,usr109@gt.edu,509
836,usr111@gt.edu,757
840,usr111@gt.edu,569
855,usr114@gt.edu,547
856,usr114@gt.edu,359
859,usr114@gt.edu,314
860,usr114@gt.edu,646
866,usr114@gt.edu,745
881,usr117@gt.edu,449
887,usr117@gt.edu,145
901,usr119@gt.edu,646
916,usr122@gt.edu,17
917,usr122@gt.edu,443
918,usr122@gt.edu,433
936,usr125@gt.edu,699
938,usr126@gt.edu,214
939,usr126@gt.edu,468
948,usr128@gt.edu,339
962,usr129@gt.edu,580
965,usr129@gt.edu,142
981,usr132@gt.edu,21
984,usr132@gt.edu,751
1004,usr135@gt.edu,663
1008,usr136@gt.edu,464
1012,usr137@gt.edu,734
1014,usr138@gt.edu,147
1018,usr138@gt.edu,177
1020,usr138@gt.edu,475
1021,usr138@gt.edu,163
1022,usr138@gt.edu,207
1023,usr138@gt.edu,677
1025,usr139@gt.edu,142
1026,usr139@gt.edu,317
1031,usr139@gt.edu,17
1037,usr140@gt.edu,225
1049,usr142@gt.edu,497
1053,usr142@gt.edu,709
1057,usr143@gt.edu,405
1061,usr144@gt.edu,738
1067,usr145@gt.edu,512
1070,usr145@gt.edu,607
1083,usr146@gt.edu,160
1084,usr146@gt.edu,352
1099,usr148@gt.edu,165
1103,usr148@gt.edu,408
1104,usr148@gt.edu,241
1105,usr148@gt.edu,249
1106,usr148@gt.edu,607
1109,usr149@gt.edu,472
1113,usr150@gt.edu,318
1115,usr150@gt.edu,99
1117,usr151@gt.edu,461
1124,usr151@gt.edu,241
1129,usr152@gt.edu,188
1130,usr152@gt.edu,677
1146,usr155@gt.edu,421
1153,usr156@gt.edu,657
1156,usr157@gt.edu,493
1161,usr157@gt.edu,83
1163,usr157@gt.edu,13
1164,usr157@gt.edu,83
1165,usr157@gt.edu,178
1171,usr158@gt.edu,175
1173,usr158@gt.edu,177
1179,usr159@gt.edu,130
1180,usr159@gt.edu,739
1182,usr159@gt.edu,165
1189,usr160@gt.edu,145
1214,usr164@gt.edu,246
1226,usr165@gt.edu,310
1240,usr166@gt.edu,317
1247,usr168@gt.edu,631
1250,usr169@gt.edu,21
1253,usr169@gt.edu,310
1255,usr169@gt.edu,628
1260,usr170@gt.edu,10
1261,usr170@gt.edu,282
1267,usr172@gt.edu,570
1268,usr172@gt.edu,279
1271,usr172@gt.edu,693
1274,usr173@gt.edu,571
1279,usr173@gt.edu,352
1282,usr174@gt.edu,88
1283,usr174@gt.edu,646
1287,usr175@gt.edu,17
1289,usr175@gt.edu,310
1297,usr176@gt.edu,340
1301,usr177@gt.edu,145
1303,usr177@gt.edu,121
1305,usr178@gt.edu,236
1311,usr178@gt.edu,165
1313,usr178@gt.edu,479
1321,usr179@gt.edu,648
1325,usr180@gt.edu,259
1328,usr180@gt.edu,261
1339,usr182@gt.edu,88
1340,usr182@gt.edu,387
1341,usr182@gt.edu,242
1346,usr182@gt.edu,580
1349,usr182@gt.edu,449
1357,usr184@gt.edu,282
1358,usr184@gt.edu,411
1361,usr184@gt.edu,245
1364,usr184@gt.edu,122
1369,usr185@gt.edu,542
1381,usr186@gt.edu,291
1382,usr186@gt.edu,607
1387,usr187@gt.edu,580
1393,usr188@gt.edu,144
1397,usr188@gt.edu,488
1405,usr189@gt.edu,403
1407,usr189@gt.edu,27
1413,usr191@gt.edu,140
1415,usr191@gt.edu,578
1416,usr191@gt.edu,341
1429,usr193@gt.edu,214
1435,usr193@gt.edu,513
1441,usr194@gt.edu,188
1454,usr196@gt.edu,212
1460,usr196@gt.edu,199
1462,usr196@gt.edu,140
1474,usr198@gt.edu,242
1476,usr198@gt.edu,310
1477,usr198@gt.edu,485
1484,usr199@gt.edu,461
1487,usr199@gt.edu,339
1493,usr200@gt.edu,39
1497,usr201@gt.edu,575
1506,usr202@gt.edu,160
1508,usr202@gt.edu,687
1509,usr203@gt.edu,693
1514,usr203@gt.edu,246
1529,usr204@gt.edu,709
1540,usr205@gt.edu,606
1544,usr206@gt.edu,423
1552,usr207@gt.edu,628
1559,usr207@gt.edu,258
1561,usr208@gt.edu,663
1565,usr208@gt.edu,387
1566,usr208@gt.edu,411
1568,usr209@gt.edu,259
1570,usr209@gt.edu,401
1574,usr210@gt.edu,259
1581,usr211@gt.edu,702
1582,usr211@gt.edu,571
1589,usr212@gt.edu,663
1591,usr212@gt.edu,172
1598,usr213@gt.edu,757
1600,usr213@gt.edu,96
1611,usr214@gt.edu,21
1612,usr214@gt.edu,693
1614,usr214@gt.edu,663
1616,usr214@gt.edu,234
1621,usr215@gt.edu,745
1622,usr215@gt.edu,423
1623,usr216@gt.edu,369
1628,usr216@gt.edu,354
1633,usr216@gt.edu,21
1640,usr217@gt.edu,228
1641,usr217@gt.edu,286
1646,usr218@gt.edu,110
1652,usr218@gt.edu,121
1654,usr219@gt.edu,236
1668,usr220@gt.edu,286
1672,usr221@gt.edu,258
1678,usr222@gt.edu,258
1685,usr223@gt.edu,664
1692,usr223@gt.edu,404
1700,usr226@gt.edu,404
1703,usr226@gt.edu,242
1713,usr228@gt.edu,278
1721,usr228@gt.edu,96
1728,usr230@gt.edu,212
1730,usr230@gt.edu,488
1734,usr231@gt.edu,286
1738,usr231@gt.edu,585
1743,usr232@gt.edu,279
1744,usr232@gt.edu,86
1746,usr232@gt.edu,646
1751,usr234@gt.edu,460
1759,usr235@gt.edu,493
1765,usr236@gt.edu,177
1782,usr238@gt.edu,212
1786,usr239@gt.edu,408
1804,usr240@gt.edu,72
1807,usr241@gt.edu,228
1809,usr241@gt.edu,423
1813,usr241@gt.edu,27
1819,usr242@gt.edu,595
1826,usr243@gt.edu,650
1838,usr245@gt.edu,526
1839,usr245@gt.edu,432
1844,usr246@gt.edu,140
1845,usr246@gt.edu,512
1846,usr246@gt.edu,101
1849,usr247@gt.edu,677
1851,usr247@gt.edu,359
1868,usr249@gt.edu,169
1875,usr250@gt.edu,63
1880,usr251@gt.edu,352
1886,usr253@gt.edu,225
1888,usr253@gt.edu,140
1889,usr253@gt.edu,599
1890,usr253@gt.edu,401
1893,usr253@gt.edu,352
1896,usr254@gt.edu,282
1900,usr255@gt.edu,421
1904,usr255@gt.edu,706
1909,usr255@gt.edu,177
1913,usr256@gt.edu,78
1920,usr257@gt.edu,278
1924,usr257@gt.edu,206
1925,usr257@gt.edu,663
1939,usr260@gt.edu,583
1958,usr263@gt.edu,745
1972,usr264@gt.edu,610
1974,usr265@gt.edu,341
1985,usr266@gt.edu,160
1987,usr266@gt.edu,734
1991,usr267@gt.edu,702
1994,usr267@gt.edu,733
2000,usr269@gt.edu,472
2005,usr269@gt.edu,544
2006,usr269@gt.edu,85
2007,usr270@gt.edu,468
2008,usr270@gt.edu,145
2009,usr270@gt.edu,681
2010,usr270@gt.edu,739
2014,usr270@gt.edu,354
2018,usr271@gt.edu,432
2022,usr271@gt.edu,242
2023,usr271@gt.edu,646
2030,usr272@gt.edu,313
2032,usr272@gt.edu,291
2035,usr273@gt.edu,101
2038,usr273@gt.edu,207
2040,usr273@gt.edu,13
2043,usr273@gt.edu,548
2045,usr274@gt.edu,214
2056,usr275@gt.edu,548
2057,usr275@gt.edu,236
2060,usr275@gt.edu,606
2062,usr275@gt.edu,619
2065,usr276@gt.edu,548
2071,usr277@gt.edu,86
2072,usr277@gt.edu,231
2073,usr277@gt.edu,341
2075,usr278@gt.edu,488
2078,usr278@gt.edu,449
2081,usr278@gt.edu,85
2083,usr279@gt.edu,512
2084,usr279@gt.edu,194
2096,usr281@gt.edu,641
2097,usr281@gt.edu,576
2104,usr282@gt.edu,144
2115,usr283@gt.edu,401
2123,usr284@gt.edu,544
2125,usr284@gt.edu,724
2128,usr285@gt.edu,21
2137,usr285@gt.edu,681
2149,usr288@gt.edu,140
2151,usr288@gt.edu,63
2154,usr289@gt.edu,101
2156,usr289@gt.edu,228
2158,usr289@gt.edu,111
2160,usr289@gt.edu,145
2162,usr290@gt.edu,145
2164,usr290@gt.edu,52
2168,usr291@gt.edu,628
2170,usr291@gt.edu,140
2171,usr291@gt.edu,430
2173,usr292@gt.edu,580
2175,usr292@gt.edu,745
2178,usr293@gt.edu,411
2184,usr294@gt.edu,291
2191,usr294@gt.edu,144
2196,usr296@gt.edu,175
2208,usr297@gt.edu,212
2216,usr298@gt.edu,509
2221,usr299@gt.edu,169
2222,usr299@gt.edu,163
2223,usr299@gt.edu,245
2224,usr299@gt.edu,78
2225,usr299@gt.edu,140
2226,usr299@gt.edu,231
2229,usr299@gt.edu,412
2241,usr301@gt.edu,314
2242,usr302@gt.edu,64
2254,usr304@gt.edu,610
2256,usr304@gt.edu,112
2259,usr305@gt.edu,110
2261,usr305@gt.edu,177
2273,usr308@gt.edu,145
2275,usr308@gt.edu,461
2277,usr308@gt.edu,646
2282,usr309@gt.edu,83
2283,usr309@gt.edu,313
2284,usr309@gt.edu,493
2285,usr309@gt.edu,123
2286,usr309@gt.edu,13
2287,usr309@gt.edu,657
2293,usr310@gt.edu,623
2295,usr311@gt.edu,259
2297,usr311@gt.edu,687
2307,usr312@gt.edu,495
2311,usr313@gt.edu,310
2314,usr313@gt.edu,123
2319,usr314@gt.edu,576
2323,usr314@gt.edu,101
2325,usr314@gt.edu,522
2332,usr315@gt.edu,122
2333,usr315@gt.edu,580
2358,usr318@gt.edu,509
2362,usr319@gt.edu,111
2366,usr319@gt.edu,432
2373,usr320@gt.edu,214
2377,usr320@gt.edu,122
2391,usr322@gt.edu,110
2395,usr323@gt.edu,443
2396,usr323@gt.edu,72
2397,usr323@gt.edu,165
2398,usr323@gt.edu,631
2401,usr324@gt.edu,236
2403,usr325@gt.edu,169
2405,usr325@gt.edu,142
2410,usr325@gt.edu,236
2415,usr326@gt.edu,523
2418,usr327@gt.edu,403
2421,usr327@gt.edu,738
2423,usr327@gt.edu,278
2428,usr328@gt.edu,405
2432,usr328@gt.edu,214
2442,usr330@gt.edu,523
2445,usr331@gt.edu,272
2448,usr331@gt.edu,36
2451,usr332@gt.edu,78
2453,usr333@gt.edu,17
2458,usr333@gt.edu,405
2459,usr333@gt.edu,709
2462,usr334@gt.edu,80
2481,usr336@gt.edu,576
2490,usr337@gt.edu,475
2497,usr337@gt.edu,160
2503,usr338@gt.edu,738
2511,usr340@gt.edu,493
2515,usr340@gt.edu,641
2524,usr342@gt.edu,677
2536,usr343@gt.edu,569
2537,usr343@gt.edu,145
2549,usr344@gt.edu,438
2550,usr344@gt.edu,63
2565,usr348@gt.edu,340
2567,usr348@gt.edu,101
2573,usr349@gt.edu,21
2578,usr349@gt.edu,443
2598,usr352@gt.edu,669
2601,usr353@gt.edu,317
2602,usr353@gt.edu,610
2608,usr354@gt.edu,235
2612,usr354@gt.edu,27
2617,usr355@gt.edu,78
2618,usr355@gt.edu,664
2626,usr356@gt.edu,327
2635,usr357@gt.edu,561
2637,usr357@gt.edu,268
2643,usr358@gt.edu,585
2651,usr359@gt.edu,234
2657,usr360@gt.edu,268
2658,usr360@gt.edu,709
2659,usr360@gt.edu,317
2660,usr360@gt.edu,580
2661,usr360@gt.edu,443
2662,usr360@gt.edu,110
2668,usr360@gt.edu,369
2676,usr362@gt.edu,258
2677,usr362@gt.edu,17
2679,usr362@gt.edu,430
2681,usr362@gt.edu,745
2687,usr362@gt.edu,85
2690,usr363@gt.edu,101
2691,usr363@gt.edu,254
2692,usr363@gt.edu,341
2696,usr363@gt.edu,21
2698,usr364@gt.edu,36
2702,usr364@gt.edu,86
2707,usr364@gt.edu,169
2708,usr365@gt.edu,147
2710,usr365@gt.edu,664
2711,usr365@gt.edu,234
2715,usr366@gt.edu,334
2723,usr367@gt.edu,214
2726,usr368@gt.edu,548
2727,usr368@gt.edu,144
2730,usr368@gt.edu,405
2732,usr369@gt.edu,646
2737,usr369@gt.edu,461
2738,usr369@gt.edu,657
2756,usr371@gt.edu,619
2760,usr371@gt.edu,242
2762,usr372@gt.edu,542
2769,usr372@gt.edu,112
2771,usr372@gt.edu,207
2772,usr372@gt.edu,101
2777,usr373@gt.edu,258
2791,usr375@gt.edu,206
2795,usr376@gt.edu,702
2801,usr377@gt.edu,206
2811,usr378@gt.edu,663
2816,usr379@gt.edu,214
2818,usr379@gt.edu,85
2833,usr381@gt.edu,610
2834,usr381@gt.edu,699
2837,usr381@gt.edu,147
2849,usr383@gt.edu,449
2857,usr384@gt.edu,341
2861,usr384@gt.edu,352
2862,usr384@gt.edu,751
2864,usr385@gt.edu,302
2870,usr385@gt.edu,522
2873,usr385@gt.edu,493
2878,usr386@gt.edu,570
2885,usr387@gt.edu,121
2887,usr387@gt.edu,314
2897,usr388@gt.edu,734
2903,usr389@gt.edu,683
2905,usr389@gt.edu,646
2906,usr389@gt.edu,408
2908,usr389@gt.edu,266
2916,usr390@gt.edu,619
2920,usr390@gt.edu,313
2922,usr391@gt.edu,483
2940,usr393@gt.edu,693
2942,usr393@gt.edu,347
2943,usr393@gt.edu,291
2944,usr393@gt.edu,369
2945,usr393@gt.edu,468
2951,usr395@gt.edu,646
2956,usr395@gt.edu,646
2962,usr396@gt.edu,421
2963,usr396@gt.edu,411
2968,usr396@gt.edu,85
2979,usr397@gt.edu,214
2980,usr398@gt.edu,569
2984,usr398@gt.edu,241
2989,usr398@gt.edu,687
2991,usr399@gt.edu,96
2994,usr399@gt.edu,513
2998,usr400@gt.edu,646
3005,usr401@gt.edu,83
3006,usr401@gt.edu,169
3010,usr402@gt.edu,483
3013,usr403@gt.edu,172
3019,usr403@gt.edu,101
3023,usr404@gt.edu,352
3028,usr404@gt.edu,664
3044,usr405@gt.edu,234
3052,usr407@gt.edu,509
3071,usr410@gt.edu,83
3073,usr410@gt.edu,340
3077,usr410@gt.edu,523
3080,usr411@gt.edu,401
3082,usr411@gt.edu,36
3088,usr412@gt.edu,709
3090,usr412@gt.edu,42
3092,usr412@gt.edu,401
3095,usr412@gt.edu,718
3098,usr413@gt.edu,733
3103,usr413@gt.edu,314
3104,usr413@gt.edu,36
3111,usr414@gt.edu,461
3114,usr414@gt.edu,408
3115,usr415@gt.edu,236
3123,usr416@gt.edu,225
3124,usr416@gt.edu,468
3126,usr417@gt.edu,225
3128,usr417@gt.edu,411
3129,usr417@gt.edu,282
3136,usr418@gt.edu,160
3150,usr420@gt.edu,475
3155,usr421@gt.edu,354
3157,usr421@gt.edu,341
3164,usr422@gt.edu,547
3167,usr423@gt.edu,246
3174,usr425@gt.edu,587
3175,usr425@gt.edu,341
3177,usr426@gt.edu,206
3184,usr427@gt.edu,140
3186,usr427@gt.edu,13
3187,usr427@gt.edu,228
3188,usr428@gt.edu,641
3189,usr428@gt.edu,438
3190,usr428@gt.edu,544
3193,usr428@gt.edu,500
3194,usr429@gt.edu,291
3195,usr429@gt.edu,112
3199,usr429@gt.edu,664
3207,usr430@gt.edu,310
3210,usr430@gt.edu,291
3212,usr431@gt.edu,623
3221,usr432@gt.edu,131
3223,usr433@gt.edu,108
3229,usr434@gt.edu,607
3232,usr434@gt.edu,493
3237,usr436@gt.edu,663
3244,usr437@gt.edu,432
3259,usr439@gt.edu,364
3266,usr440@gt.edu,234
3268,usr440@gt.edu,310
3277,usr442@gt.edu,460
3281,usr443@gt.edu,717
3283,usr443@gt.edu,341
3291,usr444@gt.edu,423
3294,usr445@gt.edu,354
3304,usr446@gt.edu,99
3307,usr446@gt.edu,96
3308,usr446@gt.edu,468
3315,usr448@gt.edu,286
3317,usr448@gt.edu,145
3318,usr448@gt.edu,468
3320,usr449@gt.edu,683
3322,usr449@gt.edu,522
3323,usr449@gt.edu,547
3324,usr449@gt.edu,130
3327,usr450@gt.edu,664
3328,usr450@gt.edu,512
3334,usr450@gt.edu,488
3335,usr451@gt.edu,718
3345,usr451@gt.edu,317
3352,usr452@gt.edu,13
3355,usr452@gt.edu,561
3358,usr453@gt.edu,421
3360,usr453@gt.edu,561
3369,usr454@gt.edu,163
3370,usr454@gt.edu,513
3371,usr455@gt.edu,619
3372,usr455@gt.edu,261
3373,usr455@gt.edu,101
3375,usr456@gt.edu,488
3376,usr456@gt.edu,663
3385,usr457@gt.edu,318
3386,usr457@gt.edu,663
3396,usr458@gt.edu,78
3398,usr458@gt.edu,17
3400,usr459@gt.edu,483
3402,usr459@gt.edu,509
3421,usr462@gt.edu,657
3425,usr463@gt.edu,569
3430,usr464@gt.edu,231
3438,usr464@gt.edu,664
3439,usr465@gt.edu,585
3440,usr465@gt.edu,629
3448,usr466@gt.edu,228
3451,usr467@gt.edu,341
3454,usr467@gt.edu,393
3457,usr468@gt.edu,249
3458,usr468@gt.edu,751
3462,usr469@gt.edu,147
3479,usr472@gt.edu,110
3480,usr472@gt.edu,199
3481,usr473@gt.edu,339
3487,usr473@gt.edu,327
3492,usr474@gt.edu,258
3502,usr475@gt.edu,235
3509,usr476@gt.edu,475
3510,usr476@gt.edu,334
3514,usr477@gt.edu,140
3521,usr477@gt.edu,339
3523,usr478@gt.edu,194
3524,usr478@gt.edu,302
3525,usr478@gt.edu,757
3527,usr478@gt.edu,96
3532,usr479@gt.edu,587
3535,usr480@gt.edu,318
3536,usr480@gt.edu,310
3548,usr481@gt.edu,83
3550,usr482@gt.edu,241
3556,usr482@gt.edu,140
3564,usr483@gt.edu,493
3572,usr485@gt.edu,206
3583,usr487@gt.edu,576
3588,usr488@gt.edu,699
3592,usr488@gt.edu,163
3597,usr488@gt.edu,86
3601,usr489@gt.edu,717
3614,usr491@gt.edu,145
3618,usr492@gt.edu,101
3622,usr493@gt.edu,254
3629,usr493@gt.edu,249
3641,usr495@gt.edu,693
3644,usr495@gt.edu,261
3649,usr496@gt.edu,261
3650,usr496@gt.edu,664
3654,usr497@gt.edu,393
3665,usr498@gt.edu,408
3675,usr500@gt.edu,669
3677,usr500@gt.edu,717
3683,usr501@gt.edu,718
3690,usr502@gt.edu,313
3694,usr502@gt.edu,310
3697,usr502@gt.edu,39
3698,usr502@gt.edu,160
3701,usr502@gt.edu,734
3707,usr503@gt.edu,334
3708,usr503@gt.edu,404
3711,usr504@gt.edu,542
3715,usr504@gt.edu,13
3724,usr506@gt.edu,172
3730,usr506@gt.edu,86
3731,usr506@gt.edu,461
3732,usr506@gt.edu,547
3740,usr507@gt.edu,241
3746,usr508@gt.edu,188
3753,usr509@gt.edu,485
3761,usr510@gt.edu,648
3763,usr510@gt.edu,443
3769,usr511@gt.edu,610
3770,usr511@gt.edu,664
3775,usr512@gt.edu,403
3780,usr512@gt.edu,83
3781,usr512@gt.edu,318
3785,usr512@gt.edu,21
3791,usr513@gt.edu,204
3794,usr513@gt.edu,717
3795,usr513@gt.edu,369
3801,usr514@gt.edu,751
3803,usr514@gt.edu,101
3805,usr515@gt.edu,578
3807,usr515@gt.edu,111
3808,usr515@gt.edu,408
3811,usr515@gt.edu,175
3815,usr516@gt.edu,734
3822,usr516@gt.edu,544
3829,usr517@gt.edu,460
3832,usr517@gt.edu,583
3834,usr518@gt.edu,432
3841,usr518@gt.edu,140
3851,usr519@gt.edu,587
3854,usr520@gt.edu,122
3858,usr520@gt.edu,512
3890,usr525@gt.edu,497
3892,usr526@gt.edu,739
3903,usr527@gt.edu,36
3904,usr527@gt.edu,83
3913,usr528@gt.edu,677
3918,usr528@gt.edu,165
3923,usr529@gt.edu,70
3930,usr530@gt.edu,599
3936,usr531@gt.edu,526
3945,usr531@gt.edu,10
3947,usr532@gt.edu,421
3948,usr532@gt.edu,443
3950,usr532@gt.edu,610
3951,usr532@gt.edu,745
3957,usr534@gt.edu,188
3958,usr534@gt.edu,405
3959,usr534@gt.edu,339
3960,usr534@gt.edu,78
3961,usr534@gt.edu,421
3964,usr534@gt.edu,112
3969,usr535@gt.edu,717
3974,usr535@gt.edu,259
3975,usr535@gt.edu,687
3981,usr536@gt.edu,21
3983,usr537@gt.edu,361
3991,usr538@gt.edu,63
4009,usr540@gt.edu,364
4010,usr540@gt.edu,488
4014,usr541@gt.edu,282
4023,usr544@gt.edu,607
4028,usr544@gt.edu,160
4030,usr544@gt.edu,443
4036,usr545@gt.edu,121
4039,usr546@gt.edu,111
4051,usr547@gt.edu,485
4060,usr549@gt.edu,88
4069,usr550@gt.edu,699
4070,usr550@gt.edu,235
4073,usr550@gt.edu,178
4075,usr550@gt.edu,415
4080,usr551@gt.edu,80
4083,usr552@gt.edu,421
4084,usr552@gt.edu,279
4085,usr552@gt.edu,449
4086,usr552@gt.edu,130
4090,usr552@gt.edu,318
4100,usr554@gt.edu,709
4103,usr554@gt.edu,738
4105,usr554@gt.edu,663
4117,usr555@gt.edu,607
4120,usr556@gt.edu,461
4121,usr556@gt.edu,369
4122,usr557@gt.edu,610
4125,usr557@gt.edu,212
4127,usr557@gt.edu,249
4129,usr558@gt.edu,650
4140,usr560@gt.edu,544
4155,usr562@gt.edu,628
4157,usr563@gt.edu,317
4163,usr563@gt.edu,746
4169,usr564@gt.edu,341
4170,usr564@gt.edu,411
4171,usr564@gt.edu,317
4175,usr564@gt.edu,317
4181,usr565@gt.edu,160
4183,usr565@gt.edu,544
4184,usr565@gt.edu,646
4186,usr565@gt.edu,291
4208,usr569@gt.edu,526
4209,usr569@gt.edu,663
4210,usr569@gt.edu,206
4213,usr570@gt.edu,569
4218,usr570@gt.edu,122
4227,usr572@gt.edu,63
4234,usr572@gt.edu,475
4236,usr572@gt.edu,405
4237,usr573@gt.edu,13
4244,usr573@gt.edu,738
4247,usr573@gt.edu,576
4249,usr574@gt.edu,657
4251,usr574@gt.edu,246
4256,usr575@gt.edu,411
4259,usr575@gt.edu,569
4263,usr576@gt.edu,650
4265,usr576@gt.edu,78
4277,usr578@gt.edu,211
4285,usr579@gt.edu,401
4286,usr579@gt.edu,751
4295,usr580@gt.edu,212
4297,usr581@gt.edu,85
4300,usr581@gt.edu,738
4303,usr582@gt.edu,166
4304,usr583@gt.edu,587
4310,usr583@gt.edu,461
4318,usr584@gt.edu,140
4326,usr585@gt.edu,575
4329,usr586@gt.edu,236
4330,usr586@gt.edu,464
4334,usr586@gt.edu,669
4337,usr586@gt.edu,108
4338,usr587@gt.edu,663
4343,usr588@gt.edu,313
4346,usr588@gt.edu,738
4351,usr589@gt.edu,404
4357,usr589@gt.edu,738
4361,usr590@gt.edu,347
4362,usr590@gt.edu,122
4374,usr592@gt.edu,172
4380,usr593@gt.edu,122
4383,usr594@gt.edu,131
4391,usr595@gt.edu,163
4392,usr595@gt.edu,664
4403,usr596@gt.edu,145
4406,usr597@gt.edu,259
4416,usr599@gt.edu,415
4418,usr599@gt.edu,214
4425,usr599@gt.edu,693
4426,usr599@gt.edu,663
4427,usr599@gt.edu,52
4428,usr600@gt.edu,235
4435,usr601@gt.edu,175
4440,usr601@gt.edu,165
4449,usr603@gt.edu,272
4454,usr603@gt.edu,629
4467,usr605@gt.edu,142
4484,usr607@gt.edu,259
4486,usr608@gt.edu,228
4488,usr608@gt.edu,228
4492,usr608@gt.edu,513
4493,usr608@gt.edu,70
4494,usr608@gt.edu,359
4498,usr609@gt.edu,575
4500,usr610@gt.edu,468
4508,usr611@gt.edu,497
4510,usr611@gt.edu,194
4511,usr611@gt.edu,369
4513,usr611@gt.edu,569
4517,usr612@gt.edu,570
4519,usr612@gt.edu,430
4523,usr612@gt.edu,282
4546,usr615@gt.edu,327
4549,usr616@gt.edu,310
4551,usr616@gt.edu,483
4560,usr617@gt.edu,123
4566,usr618@gt.edu,576
4572,usr618@gt.edu,522
4573,usr618@gt.edu,169
4574,usr618@gt.edu,648
4588,usr620@gt.edu,249
4591,usr621@gt.edu,131
4596,usr622@gt.edu,147
4609,usr624@gt.edu,163
4615,usr625@gt.edu,63
4616,usr625@gt.edu,140
4619,usr626@gt.edu,472
4638,usr628@gt.edu,677
4639,usr628@gt.edu,42
4640,usr628@gt.edu,361
4645,usr628@gt.edu,83
4649,usr629@gt.edu,369
4650,usr629@gt.edu,460
4652,usr629@gt.edu,734
4663,usr631@gt.edu,88
4668,usr632@gt.edu,687
4670,usr632@gt.edu,575
4676,usr633@gt.edu,657
4680,usr634@gt.edu,683
4682,usr634@gt.edu,206
4683,usr634@gt.edu,207
4685,usr635@gt.edu,401
4690,usr635@gt.edu,245
4691,usr635@gt.edu,347
4694,usr636@gt.edu,580
4695,usr636@gt.edu,687
4697,usr636@gt.edu,657
4705,usr638@gt.edu,426
4708,usr638@gt.edu,234
4714,usr638@gt.edu,421
4716,usr638@gt.edu,78
4724,usr639@gt.edu,249
4725,usr639@gt.edu,199
4727,usr639@gt.edu,423
4729,usr640@gt.edu,580
4733,usr640@gt.edu,123
4735,usr640@gt.edu,408
4737,usr640@gt.edu,212
4744,usr642@gt.edu,369
4753,usr643@gt.edu,411
4762,usr645@gt.edu,479
4763,usr645@gt.edu,266
4765,usr645@gt.edu,78
4772,usr646@gt.edu,235
4778,usr646@gt.edu,461
4783,usr647@gt.edu,27
4803,usr649@gt.edu,163
4807,usr649@gt.edu,286
4815,usr651@gt.edu,17
4818,usr651@gt.edu,145
4828,usr652@gt.edu,599
4847,usr654@gt.edu,258
4852,usr655@gt.edu,663
4853,usr655@gt.edu,693
4859,usr656@gt.edu,99
4860,usr656@gt.edu,522
4861,usr656@gt.edu,340
4864,usr656@gt.edu,648
4870,usr658@gt.edu,421
4882,usr659@gt.edu,225
4884,usr659@gt.edu,739
4893,usr660@gt.edu,70
4897,usr660@gt.edu,607
4900,usr660@gt.edu,500
4910,usr663@gt.edu,160
4915,usr663@gt.edu,52
4916,usr663@gt.edu,286
4917,usr663@gt.edu,751
4919,usr664@gt.edu,430
4926,usr665@gt.edu,188
4927,usr665@gt.edu,347
4928,usr665@gt.edu,99
4931,usr665@gt.edu,426
4947,usr667@gt.edu,569
4949,usr667@gt.edu,246
4964,usr670@gt.edu,585
4967,usr671@gt.edu,123
4968,usr671@gt.edu,393
4978,usr672@gt.edu,165
4984,usr673@gt.edu,631
4985,usr673@gt.edu,629
4990,usr674@gt.edu,140
4996,usr674@gt.edu,85
5006,usr676@gt.edu,352
5012,usr677@gt.edu,123
5013,usr677@gt.edu,548
5014,usr677@gt.edu,160
5023,usr678@gt.edu,160
5026,usr678@gt.edu,236
5028,usr678@gt.edu,751
5039,usr679@gt.edu,142
5040,usr679@gt.edu,751
5041,usr680@gt.edu,717
5043,usr680@gt.edu,580
5044,usr680@gt.edu,412
5049,usr681@gt.edu,578
5052,usr681@gt.edu,580
5055,usr682@gt.edu,542
5059,usr682@gt.edu,739
5063,usr682@gt.edu,83
5065,usr682@gt.edu,108
5068,usr683@gt.edu,513
5077,usr683@gt.edu,401
5094,usr686@gt.edu,21
5096,usr687@gt.edu,194
5104,usr688@gt.edu,650
5114,usr688@gt.edu,472
5122,usr691@gt.edu,140
5128,usr691@gt.edu,122
5129,usr691@gt.edu,121
5136,usr692@gt.edu,430
5140,usr692@gt.edu,123
5153,usr695@gt.edu,575
5154,usr695@gt.edu,628
5155,usr695@gt.edu,254
5170,usr698@gt.edu,166
5171,usr698@gt.edu,663
5174,usr698@gt.edu,340
5178,usr699@gt.edu,687
5180,usr700@gt.edu,259
5186,usr701@gt.edu,188
5195,usr702@gt.edu,580
5198,usr703@gt.edu,21
5202,usr704@gt.edu,110
5209,usr705@gt.edu,108
5212,usr706@gt.edu,468
5214,usr706@gt.edu,302
5216,usr706@gt.edu,172
5224,usr707@gt.edu,163
5225,usr707@gt.edu,500
5229,usr707@gt.edu,172
5234,usr708@gt.edu,500
5236,usr708@gt.edu,235
5240,usr708@gt.edu,194
5251,usr710@gt.edu,757
5255,usr711@gt.edu,512
5266,usr712@gt.edu,266
5268,usr712@gt.edu,443
5278,usr713@gt.edu,42
5279,usr713@gt.edu,291
5286,usr714@gt.edu,241
5290,usr714@gt.edu,408
5297,usr715@gt.edu,236
5299,usr715@gt.edu,403
5301,usr715@gt.edu,513
5314,usr718@gt.edu,595
5318,usr718@gt.edu,80
5322,usr719@gt.edu,412
5323,usr720@gt.edu,751
5331,usr721@gt.edu,369
5332,usr721@gt.edu,241
5333,usr721@gt.edu,629
5335,usr721@gt.edu,746
5340,usr722@gt.edu,479
5344,usr723@gt.edu,404
5347,usr723@gt.edu,738
5348,usr723@gt.edu,261
5361,usr724@gt.edu,234
5362,usr724@gt.edu,408
5365,usr725@gt.edu,411
5367,usr725@gt.edu,361
5372,usr725@gt.edu,746
5373,usr725@gt.edu,246
5376,usr726@gt.edu,317
5378,usr726@gt.edu,718
5388,usr727@gt.edu,745
5405,usr730@gt.edu,144
5419,usr732@gt.edu,464
5438,usr734@gt.edu,663
5439,usr734@gt.edu,249
5445,usr735@gt.edu,21
5446,usr735@gt.edu,663
5449,usr735@gt.edu,432
5451,usr735@gt.edu,225
5458,usr736@gt.edu,80
5462,usr737@gt.edu,88
5472,usr738@gt.edu,595
5479,usr738@gt.edu,599
5480,usr738@gt.edu,724
5485,usr739@gt.edu,699
5496,usr740@gt.edu,266
5498,usr740@gt.edu,468
5499,usr741@gt.edu,443
5502,usr741@gt.edu,160
5504,usr741@gt.edu,509
5505,usr741@gt.edu,361
5511,usr742@gt.edu,623
5513,usr742@gt.edu,500
5517,usr742@gt.edu,145
5522,usr743@gt.edu,310
5524,usr744@gt.edu,587
5536,usr745@gt.edu,449
5539,usr746@gt.edu,408
5540,usr746@gt.edu,526
5543,usr746@gt.edu,561
5548,usr747@gt.edu,354
5549,usr747@gt.edu,163
5556,usr748@gt.edu,317
5560,usr748@gt.edu,404
5561,usr749@gt.edu,175
5565,usr749@gt.edu,261
5573,usr750@gt.edu,724
5577,usr751@gt.edu,663
5581,usr751@gt.edu,571
5585,usr751@gt.edu,570
5586,usr751@gt.edu,145
5590,usr752@gt.edu,421
5596,usr753@gt.edu,475
5605,usr754@gt.edu,241
5607,usr754@gt.edu,619
5608,usr754@gt.edu,85
5609,usr754@gt.edu,423
5613,usr755@gt.edu,144
5617,usr756@gt.edu,63
5618,usr756@gt.edu,569
5619,usr756@gt.edu,10
5620,usr756@gt.edu,166
5621,usr756@gt.edu,142
5625,usr756@gt.edu,72
5631,usr757@gt.edu,83
5636,usr757@gt.edu,664
5639,usr758@gt.edu,101
5641,usr758@gt.edu,356
5642,usr758@gt.edu,443
5644,usr758@gt.edu,172
5658,usr760@gt.edu,461
5665,usr761@gt.edu,393
5671,usr762@gt.edu,359
5672,usr762@gt.edu,17
5674,usr762@gt.edu,449
5683,usr764@gt.edu,745
5686,usr765@gt.edu,241
5695,usr766@gt.edu,369
5696,usr766@gt.edu,509
5700,usr766@gt.edu,415
5709,usr767@gt.edu,110
5710,usr768@gt.edu,13
5715,usr769@gt.edu,140
5720,usr769@gt.edu,85
5723,usr770@gt.edu,234
5726,usr770@gt.edu,291
5727,usr770@gt.edu,526
5732,usr771@gt.edu,583
5735,usr771@gt.edu,101
5740,usr772@gt.edu,214
5741,usr772@gt.edu,228
5748,usr772@gt.edu,142
5749,usr772@gt.edu,412
5753,usr773@gt.edu,733
5756,usr774@gt.edu,663
5761,usr774@gt.edu,512
5770,usr776@gt.edu,687
5779,usr777@gt.edu,523
5785,usr777@gt.edu,709
5793,usr778@gt.edu,401
5796,usr779@gt.edu,249
5807,usr780@gt.edu,542
5813,usr780@gt.edu,278
5823,usr781@gt.edu,249
5824,usr781@gt.edu,339
5825,usr782@gt.edu,575
5838,usr784@gt.edu,408
5839,usr784@gt.edu,641
5840,usr784@gt.edu,112
5844,usr785@gt.edu,460
5849,usr785@gt.edu,101
5850,usr785@gt.edu,718
5851,usr785@gt.edu,286
5853,usr786@gt.edu,364
5866,usr788@gt.edu,479
5876,usr790@gt.edu,206
5885,usr791@gt.edu,175
5890,usr792@gt.edu,734
5899,usr792@gt.edu,228
5902,usr793@gt.edu,364
5903,usr793@gt.edu,234
5904,usr793@gt.edu,206
5907,usr793@gt.edu,674
5908,usr794@gt.edu,334
5920,usr796@gt.edu,663
5922,usr796@gt.edu,699
5939,usr798@gt.edu,356
5941,usr798@gt.edu,110
5953,usr800@gt.edu,464
5956,usr801@gt.edu,144
5963,usr802@gt.edu,206
5968,usr802@gt.edu,246
5981,usr803@gt.edu,231
5982,usr803@gt.edu,426
5988,usr804@gt.edu,432
5989,usr804@gt.edu,751
5994,usr804@gt.edu,268
6000,usr806@gt.edu,282
6005,usr806@gt.edu,249
6011,usr807@gt.edu,479
6014,usr807@gt.edu,245
6015,usr807@gt.edu,405
6017,usr807@gt.edu,607
6029,usr810@gt.edu,468
6037,usr811@gt.edu,405
6046,usr812@gt.edu,354
6051,usr812@gt.edu,523
6059,usr813@gt.edu,145
6068,usr815@gt.edu,17
6072,usr815@gt.edu,318
6078,usr816@gt.edu,443
6081,usr817@gt.edu,443
6087,usr818@gt.edu,500
6088,usr818@gt.edu,130
6089,usr818@gt.edu,449
6098,usr819@gt.edu,497
6103,usr819@gt.edu,249
6104,usr820@gt.edu,88
6111,usr821@gt.edu,432
6114,usr822@gt.edu,27
6120,usr823@gt.edu,165
6127,usr823@gt.edu,63
6128,usr823@gt.edu,479
6129,usr823@gt.edu,334
6136,usr824@gt.edu,121
6149,usr826@gt.edu,340
6150,usr826@gt.edu,347
6155,usr827@gt.edu,123
6158,usr827@gt.edu,246
6159,usr827@gt.edu,204
6164,usr828@gt.edu,628
6168,usr828@gt.edu,175
6179,usr829@gt.edu,607
6181,usr829@gt.edu,145
6190,usr831@gt.edu,101
6193,usr832@gt.edu,246
6198,usr832@gt.edu,314
6201,usr832@gt.edu,278
6204,usr833@gt.edu,42
6206,usr834@gt.edu,318
6221,usr836@gt.edu,212
6227,usr836@gt.edu,83
6233,usr837@gt.edu,234
6235,usr837@gt.edu,112
6237,usr838@gt.edu,259
6245,usr839@gt.edu,629
6249,usr840@gt.edu,449
6255,usr841@gt.edu,258
6263,usr841@gt.edu,663
6264,usr842@gt.edu,403
6265,usr842@gt.edu,438
6268,usr842@gt.edu,369
6280,usr844@gt.edu,449
6283,usr844@gt.edu,512
6295,usr846@gt.edu,266
6306,usr849@gt.edu,341
6315,usr850@gt.edu,140
6317,usr850@gt.edu,623
6319,usr850@gt.edu,282
6322,usr851@gt.edu,669
6323,usr851@gt.edu,340
6324,usr851@gt.edu,702
6327,usr852@gt.edu,493
6329,usr852@gt.edu,147
6330,usr852@gt.edu,512
6338,usr853@gt.edu,669
6340,usr853@gt.edu,27
6346,usr854@gt.edu,724
6347,usr854@gt.edu,347
6348,usr854@gt.edu,241
6350,usr854@gt.edu,228
6355,usr855@gt.edu,757
6361,usr856@gt.edu,631
6363,usr856@gt.edu,733
6368,usr856@gt.edu,646
6381,usr859@gt.edu,585
6385,usr859@gt.edu,681
6391,usr861@gt.edu,39
6393,usr861@gt.edu,663
6397,usr862@gt.edu,641
6398,usr862@gt.edu,13
6399,usr862@gt.edu,488
6400,usr862@gt.edu,313
6403,usr862@gt.edu,663
6406,usr863@gt.edu,188
6407,usr863@gt.edu,194
6415,usr864@gt.edu,693
6420,usr865@gt.edu,664
6421,usr865@gt.edu,393
6432,usr867@gt.edu,279
6435,usr867@gt.edu,561
6436,usr867@gt.edu,259
6437,usr867@gt.edu,433
6439,usr867@gt.edu,488
6443,usr868@gt.edu,650
6447,usr869@gt.edu,561
6456,usr870@gt.edu,96
6461,usr871@gt.edu,433
6462,usr871@gt.edu,72
6464,usr872@gt.edu,101
6465,usr872@gt.edu,313
6467,usr872@gt.edu,677
6476,usr873@gt.edu,628
6477,usr874@gt.edu,144
6486,usr875@gt.edu,259
6493,usr876@gt.edu,101
6494,usr876@gt.edu,468
6499,usr876@gt.edu,163
6502,usr877@gt.edu,145
6505,usr877@gt.edu,745
6512,usr878@gt.edu,699
6516,usr879@gt.edu,464
6523,usr879@gt.edu,245
6525,usr880@gt.edu,599
6531,usr881@gt.edu,83
6536,usr881@gt.edu,401
6539,usr881@gt.edu,207
6540,usr881@gt.edu,646
6542,usr882@gt.edu,27
6554,usr883@gt.edu,278
6557,usr883@gt.edu,21
6562,usr884@gt.edu,206
6567,usr885@gt.edu,352
6571,usr886@gt.edu,646
6576,usr886@gt.edu,461
6580,usr887@gt.edu,479
6582,usr887@gt.edu,70
6588,usr888@gt.edu,488
6589,usr888@gt.edu,72
6591,usr888@gt.edu,523
6598,usr889@gt.edu,683
6599,usr889@gt.edu,188
6600,usr890@gt.edu,664
6601,usr890@gt.edu,672
6602,usr890@gt.edu,544
6606,usr890@gt.edu,310
6628,usr894@gt.edu,706
6629,usr894@gt.edu,663
6631,usr895@gt.edu,359
6638,usr895@gt.edu,699
6639,usr895@gt.edu,585
6640,usr895@gt.edu,699
6645,usr896@gt.edu,421
6654,usr898@gt.edu,101
6656,usr898@gt.edu,672
6670,usr899@gt.edu,585
6672,usr899@gt.edu,278
6675,usr900@gt.edu,130
6681,usr900@gt.edu,495
6684,usr900@gt.edu,369
6694,usr902@gt.edu,286
6700,usr902@gt.edu,569
6706,usr903@gt.edu,72
6713,usr904@gt.edu,412
6720,usr905@gt.edu,646
6726,usr906@gt.edu,583
6727,usr906@gt.edu,341
6731,usr907@gt.edu,497
6737,usr907@gt.edu,313
6750,usr910@gt.edu,619
6755,usr910@gt.edu,433
6762,usr912@gt.edu,497
6766,usr913@gt.edu,733
6768,usr913@gt.edu,751
6770,usr914@gt.edu,163
6779,usr916@gt.edu,160
6794,usr918@gt.edu,314
6797,usr919@gt.edu,241
6799,usr919@gt.edu,234
6801,usr919@gt.edu,430
6802,usr919@gt.edu,121
6806,usr920@gt.edu,212
6815,usr921@gt.edu,472
6816,usr921@gt.edu,544
6825,usr922@gt.edu,664
6840,usr924@gt.edu,583
6844,usr925@gt.edu,745
6848,usr925@gt.edu,570
6849,usr925@gt.edu,751
6852,usr926@gt.edu,401
6859,usr927@gt.edu,576
6869,usr927@gt.edu,629
6878,usr928@gt.edu,99
6891,usr930@gt.edu,101
6894,usr930@gt.edu,657
6899,usr931@gt.edu,733
6914,usr933@gt.edu,175
6917,usr934@gt.edu,206
6919,usr934@gt.edu,101
6920,usr934@gt.edu,278
6928,usr935@gt.edu,542
6931,usr935@gt.edu,628
6936,usr936@gt.edu,21
6937,usr936@gt.edu,699
6938,usr936@gt.edu,547
6941,usr937@gt.edu,108
6947,usr938@gt.edu,628
6956,usr939@gt.edu,438
6963,usr939@gt.edu,121
6967,usr940@gt.edu,86
6970,usr940@gt.edu,278
6972,usr940@gt.edu,646
6975,usr941@gt.edu,433
6979,usr941@gt.edu,204
6989,usr943@gt.edu,144
6998,usr944@gt.edu,259
7007,usr945@gt.edu,130
7013,usr946@gt.edu,112
7016,usr946@gt.edu,199
7020,usr946@gt.edu,282
7021,usr946@gt.edu,347
7028,usr947@gt.edu,279
7032,usr948@gt.edu,249
7035,usr948@gt.edu,683
7036,usr948@gt.edu,313
7039,usr948@gt.edu,606
7051,usr949@gt.edu,101
7061,usr951@gt.edu,411
7071,usr952@gt.edu,279
7076,usr952@gt.edu,629
7082,usr953@gt.edu,234
7083,usr953@gt.edu,361
7084,usr954@gt.edu,212
7093,usr955@gt.edu,235
7094,usr955@gt.edu,369
7096,usr955@gt.edu,313
7099,usr956@gt.edu,327
7109,usr958@gt.edu,163
7114,usr959@gt.edu,739
7118,usr960@gt.edu,314
7121,usr960@gt.edu,717
7122,usr960@gt.edu,123
7124,usr960@gt.edu,352
7126,usr961@gt.edu,145
7136,usr961@gt.edu,523
7141,usr962@gt.edu,110
7147,usr963@gt.edu,745
7149,usr963@gt.edu,493
7152,usr964@gt.edu,327
7161,usr965@gt.edu,228
7163,usr965@gt.edu,310
7164,usr965@gt.edu,261
7165,usr965@gt.edu,585
7167,usr966@gt.edu,672
7168,usr966@gt.edu,526
7171,usr966@gt.edu,751
7174,usr967@gt.edu,234
7181,usr968@gt.edu,674
7186,usr968@gt.edu,188
7190,usr970@gt.edu,623
7195,usr971@gt.edu,112
7202,usr972@gt.edu,430
7203,usr972@gt.edu,147
7210,usr972@gt.edu,234
7213,usr973@gt.edu,83
7214,usr973@gt.edu,706
7219,usr974@gt.edu,641
7221,usr974@gt.edu,623
7222,usr974@gt.edu,284
7225,usr974@gt.edu,241
7232,usr975@gt.edu,570
7235,usr976@gt.edu,99
7236,usr976@gt.edu,310
7237,usr976@gt.edu,236
7239,usr977@gt.edu,607
7259,usr979@gt.edu,677
7265,usr980@gt.edu,339
7272,usr980@gt.edu,212
7294,usr983@gt.edu,39
7298,usr984@gt.edu,140
7299,usr984@gt.edu,225
7301,usr985@gt.edu,526
7303,usr985@gt.edu,443
7306,usr985@gt.edu,188
7309,usr985@gt.edu,585
7314,usr986@gt.edu,236
7317,usr986@gt.edu,122
7323,usr987@gt.edu,387
7330,usr988@gt.edu,144
7341,usr989@gt.edu,272
7348,usr990@gt.edu,449
7355,usr991@gt.edu,17
7365,usr993@gt.edu,70
7374,usr994@gt.edu,664
7381,usr995@gt.edu,472
7382,usr995@gt.edu,259
7389,usr995@gt.edu,352
7395,usr996@gt.edu,607
7396,usr996@gt.edu,21
7399,usr997@gt.edu,547
7406,usr998@gt.edu,70
7408,usr998@gt.edu,101
7409,usr998@gt.edu,369
7410,usr998@gt.edu,86
7413,usr999@gt.edu,734
7415,usr999@gt.edu,599
7417,usr999@gt.edu,646
7420,usr999@gt.edu,619