item_number,email
2,usr001@gt.edu
23,usr005@gt.edu
47,usr008@gt.edu
53,usr008@gt.edu
107,usr015@gt.edu
133,usr018@gt.edu
153,usr023@gt.edu
154,usr023@gt.edu
183,usr027@gt.edu
190,usr028@gt.edu
198,usr030@gt.edu
251,usr037@gt.edu
253,usr037@gt.edu
266,usr039@gt.edu
347,usr049@gt.edu
350,usr049@gt.edu
368,usr052@gt.edu
384,usr053@gt.edu
399,usr055@gt.edu
422,usr057@gt.edu
435,usr059@gt.edu
447,usr060@gt.edu
460,usr063@gt.edu
463,usr063@gt.edu
516,usr070@gt.edu
530,usr073@gt.edu
555,usr078@gt.edu
566,usr079@gt.edu
571,usr079@gt.edu
606,usr083@gt.edu
638,usr086@gt.edu
642,usr087@gt.edu
734,usr096@gt.edu
746,usr097@gt.edu
765,usr101@gt.edu
782,usr103@gt.edu
876,usr116@gt.edu
889,usr118@gt.edu
912,usr121@gt.edu
944,usr127@gt.edu
961,usr129@gt.edu
983,usr132@gt.edu
1006,usr135@gt.edu
1028,usr139@gt.edu
1065,usr145@gt.edu
1078,usr146@gt.edu
1190,usr160@gt.edu
1221,usr164@gt.edu
1230,usr165@gt.edu
1266,usr171@gt.edu
1291,usr175@gt.edu
1310,usr178@gt.edu
1335,usr181@gt.edu
1342,usr182@gt.edu
1347,usr182@gt.edu
1432,usr193@gt.edu
1445,usr194@gt.edu
1528,usr204@gt.edu
1539,usr205@gt.edu
1549,usr206@gt.edu
1562,usr208@gt.edu
1647,usr218@gt.edu
1682,usr222@gt.edu
1732,usr231@gt.edu
1762,usr236@gt.edu
1841,usr246@gt.edu
1857,usr248@gt.edu
1882,usr252@gt.edu
1899,usr254@gt.edu
1908,usr255@gt.edu
1919,usr257@gt.edu
1962,usr263@gt.edu
2003,usr269@gt.edu
2011,usr270@gt.edu
2067,usr276@gt.edu
2131,usr285@gt.edu
2190,usr294@gt.edu
2218,usr298@gt.edu
2235,usr301@gt.edu
2246,usr302@gt.edu
2280,usr308@gt.edu
2298,usr311@gt.edu
2310,usr313@gt.edu
2352,usr317@gt.edu
2379,usr320@gt.edu
2392,usr322@gt.edu
2406,usr325@gt.edu
2429,usr328@gt.edu
2446,usr331@gt.edu
2461,usr334@gt.edu
2472,usr335@gt.edu
2486,usr337@gt.edu
2546,usr344@gt.edu
2555,usr345@gt.edu
2568,usr348@gt.edu
2624,usr355@gt.edu
2633,usr356@gt.edu
2656,usr359@gt.edu
2664,usr360@gt.edu
2667,usr360@gt.edu
2701,usr364@gt.edu
2733,usr369@gt.edu
2743,usr370@gt.edu
2764,usr372@gt.edu
2775,usr373@gt.edu
2799,usr376@gt.edu
2802,usr377@gt.edu
2858,usr384@gt.edu
2921,usr391@gt.edu
2941,usr393@gt.edu
2975,usr397@gt.edu
2992,usr399@gt.edu
3000,usr401@gt.edu
3022,usr403@gt.edu
3053,usr407@gt.edu
3062,usr408@gt.edu
3066,usr409@gt.edu
3081,usr411@gt.edu
3084,usr411@gt.edu
3100,usr413@gt.edu
3110,usr414@gt.edu
3120,usr416@gt.edu
3132,usr418@gt.edu
3152,usr421@gt.edu
3171,usr424@gt.edu
3196,usr429@gt.edu
3239,usr436@gt.edu
3249,usr438@gt.edu
3250,usr438@gt.edu
3254,usr438@gt.edu
3284,usr443@gt.edu
3285,usr443@gt.edu
3288,usr443@gt.edu
3289,usr443@gt.edu
3354,usr452@gt.edu
3357,usr452@gt.edu
3450,usr466@gt.edu
3471,usr470@gt.edu
3474,usr471@gt.edu
3475,usr471@gt.edu
3500,usr475@gt.edu
3520,usr477@gt.edu
3522,usr477@gt.edu
3555,usr482@gt.edu
3596,usr488@gt.edu
3646,usr495@gt.edu
3741,usr507@gt.edu
3766,usr510@gt.edu
3806,usr515@gt.edu
3831,usr517@gt.edu
3839,usr518@gt.edu
3899,usr526@gt.edu
3993,usr538@gt.edu
3995,usr538@gt.edu
4019,usr543@gt.edu
4093,usr553@gt.edu
4108,usr555@gt.edu
4110,usr555@gt.edu
4124,usr557@gt.edu
4133,usr559@gt.edu
4160,usr563@gt.edu
4167,usr564@gt.edu
4180,usr565@gt.edu
4190,usr566@gt.edu
4248,usr573@gt.edu
4284,usr579@gt.edu
4327,usr585@gt.edu
4333,usr586@gt.edu
4405,usr596@gt.edu
4407,usr597@gt.edu
4419,usr599@gt.edu
4464,usr604@gt.edu
4475,usr606@gt.edu
4476,usr606@gt.edu
4550,usr616@gt.edu
4575,usr618@gt.edu
4579,usr620@gt.edu
4613,usr625@gt.edu
4637,usr628@gt.edu
4646,usr629@gt.edu
4656,usr630@gt.edu
4659,usr630@gt.edu
4665,usr631@gt.edu
4679,usr634@gt.edu
4692,usr636@gt.edu
4832,usr652@gt.edu
4903,usr661@gt.edu
4906,usr662@gt.edu
4937,usr666@gt.edu
4945,usr667@gt.edu
4962,usr670@gt.edu
4970,usr671@gt.edu
5008,usr676@gt.edu
5081,usr684@gt.edu
5089,usr685@gt.edu
5093,usr686@gt.edu
5107,usr688@gt.edu
5117,usr689@gt.edu
5121,usr690@gt.edu
5141,usr693@gt.edu
5147,usr693@gt.edu
5199,usr703@gt.edu
5228,usr707@gt.edu
5254,usr710@gt.edu
5262,usr711@gt.edu
5275,usr712@gt.edu
5313,usr718@gt.edu
5339,usr722@gt.edu
5354,usr723@gt.edu
5387,usr727@gt.edu
5433,usr733@gt.edu
5454,usr736@gt.edu
5492,usr740@gt.edu
5503,usr741@gt.edu
5576,usr750@gt.edu
5633,usr757@gt.edu
5635,usr757@gt.edu
5648,usr759@gt.edu
5650,usr759@gt.edu
5651,usr759@gt.edu
5655,usr759@gt.edu
5657,usr760@gt.edu
5660,usr760@gt.edu
5673,usr762@gt.edu
5699,usr766@gt.edu
5708,usr767@gt.edu
5719,usr769@gt.edu
5733,usr771@gt.edu
5784,usr777@gt.edu
5811,usr780@gt.edu
5826,usr782@gt.edu
5863,usr788@gt.edu
5888,usr791@gt.edu
5916,usr795@gt.edu
5934,usr797@gt.edu
5943,usr798@gt.edu
5977,usr803@gt.edu
6041,usr811@gt.edu
6050,usr812@gt.edu
6053,usr813@gt.edu
6083,usr817@gt.edu
6099,usr819@gt.edu
6102,usr819@gt.edu
6108,usr821@gt.edu
6117,usr822@gt.edu
6133,usr824@gt.edu
6145,usr826@gt.edu
6157,usr827@gt.edu
6175,usr829@gt.edu
6195,usr832@gt.edu
6250,usr840@gt.edu
6351,usr854@gt.edu
6353,usr855@gt.edu
6356,usr855@gt.edu
6378,usr858@gt.edu
6387,usr860@gt.edu
6396,usr862@gt.edu
6427,usr866@gt.edu
6433,usr867@gt.edu
6634,usr895@gt.edu
6659,usr898@gt.edu
6707,usr904@gt.edu
6715,usr904@gt.edu
6761,usr911@gt.edu
6793,usr918@gt.edu
6823,usr922@gt.edu
6830,usr923@gt.edu
6851,usr926@gt.edu
6868,usr927@gt.edu
6933,usr936@gt.edu
6948,usr938@gt.edu
6957,usr939@gt.edu
6981,usr941@gt.edu
7019,usr946@gt.edu
7215,usr973@gt.edu
7224,usr974@gt.edu
7228,usr975@gt.edu
7229,usr975@gt.edu
7231,usr975@gt.edu
7277,usr981@gt.edu
7308,usr985@gt.edu
7325,usr987@gt.edu
7340,usr989@gt.edu
7360,usr992@gt.edu
7414,usr999@gt.edu